,ratio,method,cell_type
0,1.8628418156101851,umap,Body_wall_muscle
1,0.5729070258583987,umap,Body_wall_muscle
2,1.0086904130570342,umap,Body_wall_muscle
3,0.5971624947474776,umap,Body_wall_muscle
4,0.3368443326670224,umap,Body_wall_muscle
5,2.2005723835576507,umap,Body_wall_muscle
6,0.6131119199561244,umap,Body_wall_muscle
7,0.7342791423584817,umap,Body_wall_muscle
8,0.5651216685110827,umap,Body_wall_muscle
9,2.042805260242554,umap,Body_wall_muscle
10,0.6276121923357256,umap,Body_wall_muscle
11,2.8411552447096,umap,Body_wall_muscle
12,0.7244689297680921,umap,Body_wall_muscle
13,0.5784094519938552,umap,Body_wall_muscle
14,0.5515587684044894,umap,Body_wall_muscle
15,0.6332684893114735,umap,Body_wall_muscle
16,0.16588583318146338,umap,Body_wall_muscle
17,1.3018933118272924,umap,Body_wall_muscle
18,0.7750642577222373,umap,Body_wall_muscle
19,0.8920232041335675,umap,Body_wall_muscle
20,0.19877130607442875,umap,Body_wall_muscle
21,0.3112627057801731,umap,Body_wall_muscle
22,0.3209649354926409,umap,Body_wall_muscle
23,0.429849009009185,umap,Body_wall_muscle
24,0.22439027791703947,umap,Body_wall_muscle
25,3.0571198270510513,umap,Body_wall_muscle
26,0.896648060013677,umap,Body_wall_muscle
27,0.30921068102705807,umap,Body_wall_muscle
28,0.46127098148329776,umap,Body_wall_muscle
29,0.6536375001062571,umap,Body_wall_muscle
30,0.7989476493091126,umap,Body_wall_muscle
31,0.5377992306059035,umap,Body_wall_muscle
32,1.2268021520876982,umap,Body_wall_muscle
33,2.7285002208759304,umap,Body_wall_muscle
34,3.6144071817211616,umap,Body_wall_muscle
35,3.26610502637477,umap,Body_wall_muscle
36,2.674566965148082,umap,Body_wall_muscle
37,0.5268936569259738,umap,Body_wall_muscle
38,3.9432351108884816,umap,Body_wall_muscle
39,0.7586073884700414,umap,Body_wall_muscle
40,0.18234218959930745,umap,Body_wall_muscle
41,0.22459046041614644,umap,Body_wall_muscle
42,0.744034739720648,umap,Body_wall_muscle
43,2.597291539892392,umap,Body_wall_muscle
44,1.9970984681445607,umap,Body_wall_muscle
45,0.4719659213833188,umap,Body_wall_muscle
46,0.34707191134837523,umap,Body_wall_muscle
47,0.4681334487132437,umap,Body_wall_muscle
48,0.5682332723989096,umap,Body_wall_muscle
49,0.5198453604878391,umap,Body_wall_muscle
50,1.6466387697279286,umap,Body_wall_muscle
51,2.386197593439014,umap,Body_wall_muscle
52,0.9150625226019361,umap,Body_wall_muscle
53,0.13127151480662536,umap,Body_wall_muscle
54,0.9751010399830958,umap,Body_wall_muscle
55,2.204740554450846,umap,Body_wall_muscle
56,0.38903027545694724,umap,Body_wall_muscle
57,0.6226025853764273,umap,Body_wall_muscle
58,1.34628754786352,umap,Body_wall_muscle
59,0.7743282979395473,umap,Body_wall_muscle
60,1.7092341877417299,umap,Body_wall_muscle
61,0.1291024915680272,umap,Body_wall_muscle
62,0.5334554798972518,umap,Body_wall_muscle
63,0.9318025587143719,umap,Body_wall_muscle
64,0.9892407336550376,umap,Body_wall_muscle
65,2.552847052255548,umap,Body_wall_muscle
66,0.8260441018927324,umap,Body_wall_muscle
67,0.29054662838622014,umap,Body_wall_muscle
68,0.660922023331154,umap,Body_wall_muscle
69,2.744148090539299,umap,Body_wall_muscle
70,2.6746771703084704,umap,Body_wall_muscle
71,3.324222616633081,umap,Body_wall_muscle
72,0.4323584714224929,umap,Body_wall_muscle
73,1.1188506046492135,umap,Body_wall_muscle
74,0.28237957332354374,umap,Body_wall_muscle
75,0.9242467176373015,umap,Body_wall_muscle
76,0.4470838461181587,umap,Body_wall_muscle
77,2.8587728068645784,umap,Body_wall_muscle
78,0.6677047294973513,umap,Body_wall_muscle
79,0.6000534273470719,umap,Body_wall_muscle
80,3.3714837761394376,umap,Body_wall_muscle
81,0.670416366585678,umap,Body_wall_muscle
82,0.5862213842822445,umap,Body_wall_muscle
83,1.6540817847199318,umap,Body_wall_muscle
84,0.5352019230828986,umap,Body_wall_muscle
85,0.9426692585519223,umap,Body_wall_muscle
86,3.446296883447657,umap,Body_wall_muscle
87,0.49528836451665925,umap,Body_wall_muscle
88,0.3741041514678072,umap,Body_wall_muscle
89,0.5088801423163235,umap,Body_wall_muscle
90,0.7380441612865286,umap,Body_wall_muscle
91,0.8746468811149196,umap,Body_wall_muscle
92,0.30305648735208957,umap,Body_wall_muscle
93,0.613956590238708,umap,Body_wall_muscle
94,0.5909772072017485,umap,Body_wall_muscle
95,2.1851527667543316,umap,Body_wall_muscle
96,1.2494395204592275,umap,Body_wall_muscle
97,0.5329683883791846,umap,Body_wall_muscle
98,0.8128486139784113,umap,Body_wall_muscle
99,0.6985038294962966,umap,Body_wall_muscle
100,0.2863255441428766,umap,Body_wall_muscle
101,0.41939282415002715,umap,Body_wall_muscle
102,0.2040239842489029,umap,Body_wall_muscle
103,2.41952801547277,umap,Body_wall_muscle
104,1.2628174314126852,umap,Body_wall_muscle
105,0.6214898062303337,umap,Body_wall_muscle
106,1.1185251647242753,umap,Body_wall_muscle
107,0.11202150730944571,umap,Body_wall_muscle
108,3.5060211217578083,umap,Body_wall_muscle
109,1.5207685206887886,umap,Body_wall_muscle
110,0.2213289032494902,umap,Body_wall_muscle
111,0.6779447639372027,umap,Body_wall_muscle
112,3.1451494319766735,umap,Body_wall_muscle
113,0.5867219285648,umap,Body_wall_muscle
114,0.2992859273220764,umap,Body_wall_muscle
115,0.5108415093798807,umap,Body_wall_muscle
116,0.6217142472544206,umap,Body_wall_muscle
117,0.5018409504785166,umap,Body_wall_muscle
118,1.119114021026342,umap,Body_wall_muscle
119,1.1585378465235647,umap,Body_wall_muscle
120,4.833363041617233,umap,Body_wall_muscle
121,0.7252670998100696,umap,Body_wall_muscle
122,2.1356179516112586,umap,Body_wall_muscle
123,0.9143679091880127,umap,Body_wall_muscle
124,0.7055444851377795,umap,Body_wall_muscle
125,2.931337973806342,umap,Body_wall_muscle
126,0.7136515366793194,umap,Body_wall_muscle
127,0.3222182315089998,umap,Body_wall_muscle
128,0.6317674518473854,umap,Body_wall_muscle
129,0.9349588987862543,umap,Body_wall_muscle
130,0.08286304760493728,umap,Body_wall_muscle
131,1.0033348631921133,umap,Body_wall_muscle
132,0.6619448553440468,umap,Body_wall_muscle
133,1.3577368462495538,umap,Body_wall_muscle
134,0.4554605025581291,umap,Body_wall_muscle
135,0.5683398955078899,umap,Body_wall_muscle
136,1.2063284782574755,umap,Body_wall_muscle
137,0.9652215735608436,umap,Body_wall_muscle
138,0.04918787779879209,umap,Body_wall_muscle
139,3.5068488194247474,umap,Body_wall_muscle
140,2.4046783602538904,umap,Body_wall_muscle
141,0.21948599078557302,umap,Body_wall_muscle
142,0.758786078127713,umap,Body_wall_muscle
143,3.880084036521808,umap,Body_wall_muscle
144,1.9688404889817257,umap,Body_wall_muscle
145,0.745858263172892,umap,Body_wall_muscle
146,0.8834312048990144,umap,Body_wall_muscle
147,0.3004575650311818,umap,Body_wall_muscle
148,0.319128425854118,umap,Body_wall_muscle
149,0.857840803781362,umap,Body_wall_muscle
150,0.4045968573768192,umap,Body_wall_muscle
151,0.7363672519873239,umap,Body_wall_muscle
152,0.2328604303316541,umap,Body_wall_muscle
153,2.138146471951129,umap,Body_wall_muscle
154,0.646051236401355,umap,Body_wall_muscle
155,0.20590511413585116,umap,Body_wall_muscle
156,1.8117693238851484,umap,Body_wall_muscle
157,0.6803768985225295,umap,Body_wall_muscle
158,0.2876195242043928,umap,Body_wall_muscle
159,1.1055327372949915,umap,Body_wall_muscle
160,0.8389120982190242,umap,Body_wall_muscle
161,0.33021497974450525,umap,Body_wall_muscle
162,0.657415816878294,umap,Body_wall_muscle
163,1.2357232309360637,umap,Body_wall_muscle
164,0.655464727465595,umap,Body_wall_muscle
165,0.8319124096995404,umap,Body_wall_muscle
166,0.3750201516765739,umap,Body_wall_muscle
167,0.13409687811052518,umap,Body_wall_muscle
168,2.6375372381938855,umap,Body_wall_muscle
169,1.183913487456665,umap,Body_wall_muscle
170,0.7978609725853949,umap,Body_wall_muscle
171,0.26058343365058145,umap,Body_wall_muscle
172,0.3348054825693004,umap,Body_wall_muscle
173,0.34408853537181006,umap,Body_wall_muscle
174,0.9261094396346129,umap,Body_wall_muscle
175,0.38650406758636136,umap,Body_wall_muscle
176,2.2044340847617696,umap,Body_wall_muscle
177,1.444918628378719,umap,Body_wall_muscle
178,1.0997685731250535,umap,Body_wall_muscle
179,0.5532101447342088,umap,Body_wall_muscle
180,2.549786880007087,umap,Body_wall_muscle
181,1.363017260016503,umap,Body_wall_muscle
182,1.499569950956239,umap,Body_wall_muscle
183,0.623838448962532,umap,Body_wall_muscle
184,0.5823137908713751,umap,Body_wall_muscle
185,0.8071569393480147,umap,Body_wall_muscle
186,0.5539121804885202,umap,Body_wall_muscle
187,0.9908073434917185,umap,Body_wall_muscle
188,1.9568932733727213,umap,Body_wall_muscle
189,1.1279811534945898,umap,Body_wall_muscle
190,0.8344303648256205,umap,Body_wall_muscle
191,1.8159549289689016,umap,Body_wall_muscle
192,0.7730978967102586,umap,Body_wall_muscle
193,2.25763073160945,umap,Body_wall_muscle
194,0.8341176300245721,umap,Body_wall_muscle
195,0.7300039735964677,umap,Body_wall_muscle
196,2.25027596413719,umap,Body_wall_muscle
197,1.5955754793541552,umap,Body_wall_muscle
198,1.6249129977589394,umap,Body_wall_muscle
199,2.3149396472224204,umap,Body_wall_muscle
200,0.37830859224028607,umap,Body_wall_muscle
201,1.3161274984186049,umap,Body_wall_muscle
202,0.6272832483761765,umap,Body_wall_muscle
203,2.684720896709165,umap,Body_wall_muscle
204,0.5770642415627262,umap,Body_wall_muscle
205,0.6956393688189183,umap,Body_wall_muscle
206,3.0631729156825087,umap,Body_wall_muscle
207,0.5233814239532965,umap,Body_wall_muscle
208,3.1771327753777974,umap,Body_wall_muscle
209,1.2767540747999728,umap,Body_wall_muscle
210,1.0913811342540995,umap,Body_wall_muscle
211,1.158832885090071,umap,Body_wall_muscle
212,2.2021213211753183,umap,Body_wall_muscle
213,0.18065509209110692,umap,Body_wall_muscle
214,0.9551904130646484,umap,Body_wall_muscle
215,2.0426419688870707,umap,Body_wall_muscle
216,0.6593854046176459,umap,Body_wall_muscle
217,0.5187958726937695,umap,Body_wall_muscle
218,0.17141601007106466,umap,Body_wall_muscle
219,0.7476674623386029,umap,Body_wall_muscle
220,0.43348984798950774,umap,Body_wall_muscle
221,0.955395554517697,umap,Body_wall_muscle
222,0.8940570108914601,umap,Body_wall_muscle
223,0.1983962914456142,umap,Body_wall_muscle
224,3.341370195184317,umap,Body_wall_muscle
225,0.477094619309498,umap,Body_wall_muscle
226,1.4969251373131731,umap,Body_wall_muscle
227,0.6120204053575071,umap,Body_wall_muscle
228,1.005914996617308,umap,Body_wall_muscle
229,0.7448890189010404,umap,Body_wall_muscle
230,0.8508207578033671,umap,Body_wall_muscle
231,1.2635232523044269,umap,Body_wall_muscle
232,2.1126102020867736,umap,Body_wall_muscle
233,0.7100630615067115,umap,Body_wall_muscle
234,1.872537458238436,umap,Body_wall_muscle
235,0.5216920242800559,umap,Body_wall_muscle
236,0.6939246200968948,umap,Body_wall_muscle
237,0.8323308905852254,umap,Body_wall_muscle
238,1.6295054264060191,umap,Body_wall_muscle
239,0.6821033894551998,umap,Body_wall_muscle
240,3.360415942698405,umap,Body_wall_muscle
241,0.4753552712017346,umap,Body_wall_muscle
242,0.32332940877153227,umap,Body_wall_muscle
243,0.3810323906550958,umap,Body_wall_muscle
244,2.1307095717337154,umap,Body_wall_muscle
245,0.2749604005330236,umap,Body_wall_muscle
246,2.102125687973475,umap,Body_wall_muscle
247,0.9797849758625885,umap,Body_wall_muscle
248,0.3051548131715429,umap,Body_wall_muscle
249,3.0203621568220114,umap,Body_wall_muscle
250,1.2553344884629973,umap,Body_wall_muscle
251,0.42614280488716044,umap,Body_wall_muscle
252,2.0280312919105805,umap,Body_wall_muscle
253,1.7673272423091495,umap,Body_wall_muscle
254,0.32809154255624473,umap,Body_wall_muscle
255,0.5549015251504419,umap,Body_wall_muscle
256,0.532657358237807,umap,Body_wall_muscle
257,1.7884083648325417,umap,Body_wall_muscle
258,2.2902167681024257,umap,Body_wall_muscle
259,0.6373502659988944,umap,Body_wall_muscle
260,0.725842058416839,umap,Body_wall_muscle
261,0.6650577236599454,umap,Body_wall_muscle
262,1.3909617668711012,umap,Body_wall_muscle
263,1.6530572338140368,umap,Body_wall_muscle
264,2.978816148613277,umap,Body_wall_muscle
265,2.550771579462364,umap,Body_wall_muscle
266,0.7976836278051455,umap,Body_wall_muscle
267,3.234906190230687,umap,Body_wall_muscle
268,0.4987028354159444,umap,Body_wall_muscle
269,3.2674261550736414,umap,Body_wall_muscle
270,0.29139574972692456,umap,Body_wall_muscle
271,1.199481640916308,umap,Body_wall_muscle
272,0.1562827835761113,umap,Body_wall_muscle
273,0.6510136586923697,umap,Body_wall_muscle
274,2.047742015239457,umap,Body_wall_muscle
275,0.7584085267641186,umap,Body_wall_muscle
276,1.3194490882274874,umap,Body_wall_muscle
277,0.9084206096401394,umap,Body_wall_muscle
278,0.6716148339639642,umap,Body_wall_muscle
279,3.001260338958339,umap,Body_wall_muscle
280,2.34899435277732,umap,Body_wall_muscle
281,0.5997252926341664,umap,Body_wall_muscle
282,3.9763183810321863,umap,Body_wall_muscle
283,2.9851208618983645,umap,Body_wall_muscle
284,3.0980389390014094,umap,Body_wall_muscle
285,0.35603565717783886,umap,Body_wall_muscle
286,1.8815031996525764,umap,Body_wall_muscle
287,1.5626519932147929,umap,Body_wall_muscle
288,1.5733033256136553,umap,Body_wall_muscle
289,0.8134504421515658,umap,Body_wall_muscle
290,1.7049667897698975,umap,Body_wall_muscle
291,2.202805273659436,umap,Body_wall_muscle
292,0.264437957086234,umap,Body_wall_muscle
293,0.552038033796839,umap,Body_wall_muscle
294,0.40953334655718443,umap,Body_wall_muscle
295,3.160431006931671,umap,Body_wall_muscle
296,2.75958054033867,umap,Body_wall_muscle
297,1.1885318448540423,umap,Body_wall_muscle
298,1.6609763237862059,umap,Body_wall_muscle
299,0.1543389398820125,umap,Body_wall_muscle
300,0.871620540640589,umap,Body_wall_muscle
301,3.174368287151687,umap,Body_wall_muscle
302,0.23324665034313324,umap,Body_wall_muscle
303,3.7235142333119065,umap,Body_wall_muscle
304,3.692936065645216,umap,Body_wall_muscle
305,1.160272849175803,umap,Body_wall_muscle
306,2.065133354305287,umap,Body_wall_muscle
307,0.2497401156443855,umap,Body_wall_muscle
308,1.0234478394065791,umap,Body_wall_muscle
309,0.36935889866997557,umap,Body_wall_muscle
310,0.86620919353277,umap,Body_wall_muscle
311,0.40393559567766496,umap,Body_wall_muscle
312,1.4283708702131903,umap,Body_wall_muscle
313,1.392153239739341,umap,Body_wall_muscle
314,0.6736388256607204,umap,Body_wall_muscle
315,2.742632822863605,umap,Body_wall_muscle
316,0.8736374982158271,umap,Body_wall_muscle
317,0.28050658915964255,umap,Body_wall_muscle
318,0.618243245768637,umap,Body_wall_muscle
319,1.8057751784728675,umap,Body_wall_muscle
320,0.5371932529072063,umap,Body_wall_muscle
321,0.8172114820780654,umap,Body_wall_muscle
322,0.4471811014046484,umap,Body_wall_muscle
323,3.3309663217340315,umap,Body_wall_muscle
324,0.5726052426082595,umap,Body_wall_muscle
325,2.333908263892293,umap,Body_wall_muscle
326,0.49375245941769874,umap,Body_wall_muscle
327,1.865609420531141,umap,Body_wall_muscle
328,0.4559779167796887,umap,Body_wall_muscle
329,0.7043209260693817,umap,Body_wall_muscle
330,0.991822789127008,umap,Body_wall_muscle
331,0.4706820388175652,umap,Body_wall_muscle
332,2.0336721135043496,umap,Body_wall_muscle
333,0.8474404850546166,umap,Body_wall_muscle
334,0.42380224503048763,umap,Body_wall_muscle
335,1.1182312080497063,umap,Body_wall_muscle
336,0.5473595828865339,umap,Body_wall_muscle
337,0.3056016763379497,umap,Body_wall_muscle
338,0.6727779021364855,umap,Body_wall_muscle
339,1.7208475478481629,umap,Body_wall_muscle
340,0.5329291485289279,umap,Body_wall_muscle
341,0.22072213287363063,umap,Body_wall_muscle
342,0.4617574451331575,umap,Body_wall_muscle
343,3.514869888675819,umap,Body_wall_muscle
344,0.7457445454001136,umap,Body_wall_muscle
345,0.8700796518938287,umap,Body_wall_muscle
346,1.3012366936711846,umap,Body_wall_muscle
347,1.3051573371255123,umap,Body_wall_muscle
348,1.8402293022375742,umap,Body_wall_muscle
349,0.9991602764279869,umap,Body_wall_muscle
350,3.6298171929206497,umap,Body_wall_muscle
351,0.5653857157875211,umap,Body_wall_muscle
352,0.2555519903693266,umap,Body_wall_muscle
353,1.9521615199229023,umap,Body_wall_muscle
354,0.9522972752148205,umap,Body_wall_muscle
355,0.4628409774168653,umap,Body_wall_muscle
356,0.6121511337546991,umap,Body_wall_muscle
357,1.848108529132404,umap,Body_wall_muscle
358,1.6947603683367514,umap,Body_wall_muscle
359,1.2957703024248348,umap,Body_wall_muscle
360,0.263024788562006,umap,Body_wall_muscle
361,0.373438114474655,umap,Body_wall_muscle
362,0.5252329479282424,umap,Body_wall_muscle
363,0.5519471621929919,umap,Body_wall_muscle
364,0.5387445522575807,umap,Body_wall_muscle
365,2.569648147524939,umap,Body_wall_muscle
366,1.3588637106996329,umap,Body_wall_muscle
367,3.1800942950722484,umap,Body_wall_muscle
368,0.7953838981442921,umap,Body_wall_muscle
369,0.8203540998285824,umap,Body_wall_muscle
370,0.8382219733160148,umap,Body_wall_muscle
371,1.436923996711364,umap,Body_wall_muscle
372,0.1492131137597212,umap,Body_wall_muscle
373,0.7065851755165747,umap,Body_wall_muscle
374,0.1943101368719326,umap,Body_wall_muscle
375,3.046997623401152,umap,Body_wall_muscle
376,0.7728690687745996,umap,Body_wall_muscle
377,0.7867473039244927,umap,Body_wall_muscle
378,0.5077447062017992,umap,Body_wall_muscle
379,0.6560016348820814,umap,Body_wall_muscle
380,0.2463029988949436,umap,Body_wall_muscle
381,0.8417694923182542,umap,Body_wall_muscle
382,2.2208852822575906,umap,Body_wall_muscle
383,1.5122476705214742,umap,Body_wall_muscle
384,0.1142348428104585,umap,Body_wall_muscle
385,0.8842132241416139,umap,Body_wall_muscle
386,0.5420949692129924,umap,Body_wall_muscle
387,1.6563900853457172,umap,Body_wall_muscle
388,2.136911629568512,umap,Body_wall_muscle
389,0.44363746333592663,umap,Body_wall_muscle
390,0.7405051486814339,umap,Body_wall_muscle
391,2.3766365153482365,umap,Body_wall_muscle
392,0.4410386338738323,umap,Body_wall_muscle
393,2.0471429215199204,umap,Body_wall_muscle
394,0.8619021112808585,umap,Body_wall_muscle
395,0.1511545428120701,umap,Body_wall_muscle
396,0.4797482054633446,umap,Body_wall_muscle
397,0.871374066032545,umap,Body_wall_muscle
398,2.0673333941003724,umap,Body_wall_muscle
399,0.4600484625480946,umap,Body_wall_muscle
400,0.33686679565022887,umap,Body_wall_muscle
401,0.8677857202364766,umap,Body_wall_muscle
402,0.7036872164076042,umap,Body_wall_muscle
403,0.2887178346094759,umap,Body_wall_muscle
404,0.5558827864860921,umap,Body_wall_muscle
405,0.9592009775779655,umap,Body_wall_muscle
406,0.31970863646368475,umap,Body_wall_muscle
407,2.310304650262831,umap,Body_wall_muscle
408,0.9328782621236459,umap,Body_wall_muscle
409,1.8764277545940287,umap,Body_wall_muscle
410,2.253836008221479,umap,Body_wall_muscle
411,0.6153397067182566,umap,Body_wall_muscle
412,1.4279707446655172,umap,Body_wall_muscle
413,0.8342926902481227,umap,Body_wall_muscle
414,0.2509669845544501,umap,Body_wall_muscle
415,0.7065109910215631,umap,Body_wall_muscle
416,0.8774146077133912,umap,Body_wall_muscle
417,0.6368963529059362,umap,Body_wall_muscle
418,2.5466327499175074,umap,Body_wall_muscle
419,0.9022550686672973,umap,Body_wall_muscle
420,0.8993187159485758,umap,Body_wall_muscle
421,0.4853744209232393,umap,Body_wall_muscle
422,0.49555383554684274,umap,Body_wall_muscle
423,0.2872926625133375,umap,Body_wall_muscle
424,0.19295687349442836,umap,Body_wall_muscle
425,2.618033345833209,umap,Body_wall_muscle
426,0.2941123597104486,umap,Body_wall_muscle
427,0.2265789774365318,umap,Body_wall_muscle
428,0.29632005222573116,umap,Body_wall_muscle
429,0.5607242560678103,umap,Body_wall_muscle
430,0.9967505809896292,umap,Body_wall_muscle
431,0.37298412738576514,umap,Body_wall_muscle
432,0.6246655117892442,umap,Body_wall_muscle
433,2.093605463947544,umap,Body_wall_muscle
434,2.400482113251026,umap,Body_wall_muscle
435,1.7917891532571515,umap,Body_wall_muscle
436,0.5723215106212345,umap,Body_wall_muscle
437,0.873825719725122,umap,Body_wall_muscle
438,3.051325094234544,umap,Body_wall_muscle
439,1.7015688081632574,umap,Body_wall_muscle
440,2.2904568683701205,umap,Body_wall_muscle
441,0.1934262990497104,umap,Body_wall_muscle
442,2.726350117013961,umap,Body_wall_muscle
443,0.9354327071072425,umap,Body_wall_muscle
444,0.4492917073370674,umap,Body_wall_muscle
445,0.7298383808090554,umap,Body_wall_muscle
446,0.99124201375542,umap,Body_wall_muscle
447,0.19334375459261305,umap,Body_wall_muscle
448,0.11235691485059603,umap,Body_wall_muscle
449,1.1318646943972184,umap,Body_wall_muscle
450,2.056772211799246,umap,Body_wall_muscle
451,1.6081972285314698,umap,Body_wall_muscle
452,1.4476575411442103,umap,Body_wall_muscle
453,0.23671127882628337,umap,Body_wall_muscle
454,2.078639540657295,umap,Body_wall_muscle
455,0.39817771081958897,umap,Body_wall_muscle
456,0.17262876504277933,umap,Body_wall_muscle
457,0.9124409762174877,umap,Body_wall_muscle
458,0.5455468317734246,umap,Body_wall_muscle
459,2.764695904099695,umap,Body_wall_muscle
460,0.428659710203332,umap,Body_wall_muscle
461,0.5762433420297188,umap,Body_wall_muscle
462,0.03680517402239123,umap,Body_wall_muscle
463,1.3781513300837076,umap,Body_wall_muscle
464,0.7594028596727499,umap,Body_wall_muscle
465,0.5836103269556997,umap,Body_wall_muscle
466,0.6805002493577555,umap,Body_wall_muscle
467,1.0510189316569292,umap,Body_wall_muscle
468,0.2393054754724424,umap,Body_wall_muscle
469,0.4595283735120134,umap,Body_wall_muscle
470,2.3343198727713235,umap,Body_wall_muscle
471,0.7671000506177568,umap,Body_wall_muscle
472,1.8983180205610648,umap,Body_wall_muscle
473,0.37305190008261924,umap,Body_wall_muscle
474,0.21223806394258665,umap,Body_wall_muscle
475,0.6152754236907161,umap,Body_wall_muscle
476,1.2615153453405192,umap,Body_wall_muscle
477,0.7344409491750635,umap,Body_wall_muscle
478,0.3852720364688235,umap,Body_wall_muscle
479,0.3432657380497799,umap,Body_wall_muscle
480,3.3180279698474946,umap,Body_wall_muscle
481,2.0257081870911136,umap,Body_wall_muscle
482,0.2871587986996163,umap,Body_wall_muscle
483,0.47006424127775803,umap,Body_wall_muscle
484,0.774169452108654,umap,Body_wall_muscle
485,2.578863761425375,umap,Body_wall_muscle
486,2.1231831101621133,umap,Body_wall_muscle
487,2.6032560945852112,umap,Body_wall_muscle
488,0.8229423071689144,umap,Body_wall_muscle
489,1.0488414728236275,umap,Body_wall_muscle
490,1.8998750871667036,umap,Body_wall_muscle
491,3.759548039984217,umap,Body_wall_muscle
492,0.4214107000028616,umap,Body_wall_muscle
493,2.103954600719018,umap,Body_wall_muscle
494,0.49044997619374114,umap,Body_wall_muscle
495,0.8719341998845755,umap,Body_wall_muscle
496,2.333329330101211,umap,Body_wall_muscle
497,0.6815839982870701,umap,Body_wall_muscle
498,0.7754743570353383,umap,Body_wall_muscle
499,2.218484277242418,umap,Body_wall_muscle
500,0.5737538171791767,umap,Ciliated_amphid_neuron
501,1.292900635850711,umap,Ciliated_amphid_neuron
502,0.8917904412770183,umap,Ciliated_amphid_neuron
503,1.106869903208396,umap,Ciliated_amphid_neuron
504,2.684784073212005,umap,Ciliated_amphid_neuron
505,1.24249494602465,umap,Ciliated_amphid_neuron
506,2.0016686348341732,umap,Ciliated_amphid_neuron
507,2.814538936487858,umap,Ciliated_amphid_neuron
508,2.3758667752800604,umap,Ciliated_amphid_neuron
509,2.7609728023091433,umap,Ciliated_amphid_neuron
510,3.7927708206673505,umap,Ciliated_amphid_neuron
511,1.1441341792946804,umap,Ciliated_amphid_neuron
512,2.41181268828613,umap,Ciliated_amphid_neuron
513,2.555440552832053,umap,Ciliated_amphid_neuron
514,2.5500961926936747,umap,Ciliated_amphid_neuron
515,2.3588819877280582,umap,Ciliated_amphid_neuron
516,0.9638196338875308,umap,Ciliated_amphid_neuron
517,2.3797306312278295,umap,Ciliated_amphid_neuron
518,1.875904814002947,umap,Ciliated_amphid_neuron
519,1.637079968308544,umap,Ciliated_amphid_neuron
520,2.433143484422471,umap,Ciliated_amphid_neuron
521,1.7785660384814541,umap,Ciliated_amphid_neuron
522,1.419904271270646,umap,Ciliated_amphid_neuron
523,0.4239407116830741,umap,Ciliated_amphid_neuron
524,2.1822979497503012,umap,Ciliated_amphid_neuron
525,1.2331100402938504,umap,Ciliated_amphid_neuron
526,1.561978742100613,umap,Ciliated_amphid_neuron
527,0.5790626504473967,umap,Ciliated_amphid_neuron
528,1.3637339741233019,umap,Ciliated_amphid_neuron
529,1.1704542435100047,umap,Ciliated_amphid_neuron
530,1.5221308730637706,umap,Ciliated_amphid_neuron
531,0.32842630458944916,umap,Ciliated_amphid_neuron
532,2.323832229998614,umap,Ciliated_amphid_neuron
533,1.1934939173737789,umap,Ciliated_amphid_neuron
534,1.700811013679206,umap,Ciliated_amphid_neuron
535,4.729282624385945,umap,Ciliated_amphid_neuron
536,1.6585297122809457,umap,Ciliated_amphid_neuron
537,5.011572544043274,umap,Ciliated_amphid_neuron
538,2.245703068221613,umap,Ciliated_amphid_neuron
539,2.6197974544398357,umap,Ciliated_amphid_neuron
540,4.638242312301963,umap,Ciliated_amphid_neuron
541,1.6345234994887972,umap,Ciliated_amphid_neuron
542,1.180664907388005,umap,Ciliated_amphid_neuron
543,1.3895224104790591,umap,Ciliated_amphid_neuron
544,0.5141986414840205,umap,Ciliated_amphid_neuron
545,2.2002717370007443,umap,Ciliated_amphid_neuron
546,1.0735454693701554,umap,Ciliated_amphid_neuron
547,2.784202740762959,umap,Ciliated_amphid_neuron
548,0.7883738206743973,umap,Ciliated_amphid_neuron
549,2.213749644551067,umap,Ciliated_amphid_neuron
550,1.808030692742008,umap,Ciliated_amphid_neuron
551,0.8439163192336282,umap,Ciliated_amphid_neuron
552,1.6976291242654415,umap,Ciliated_amphid_neuron
553,4.025378188473538,umap,Ciliated_amphid_neuron
554,1.0037035429555283,umap,Ciliated_amphid_neuron
555,1.6772495047347242,umap,Ciliated_amphid_neuron
556,1.4516775176680228,umap,Ciliated_amphid_neuron
557,5.4764586125870975,umap,Ciliated_amphid_neuron
558,0.9465426637909847,umap,Ciliated_amphid_neuron
559,1.5536610980970775,umap,Ciliated_amphid_neuron
560,5.727069337773691,umap,Ciliated_amphid_neuron
561,0.3766313171242064,umap,Ciliated_amphid_neuron
562,1.4491973678955072,umap,Ciliated_amphid_neuron
563,0.2059888757280845,umap,Ciliated_amphid_neuron
564,1.917755841357188,umap,Ciliated_amphid_neuron
565,2.615593964738032,umap,Ciliated_amphid_neuron
566,1.5857759464533385,umap,Ciliated_amphid_neuron
567,2.8936990709435806,umap,Ciliated_amphid_neuron
568,1.551064036566836,umap,Ciliated_amphid_neuron
569,3.9281253097948405,umap,Ciliated_amphid_neuron
570,1.3236050522966536,umap,Ciliated_amphid_neuron
571,0.925350908514081,umap,Ciliated_amphid_neuron
572,6.818234393938176,umap,Ciliated_amphid_neuron
573,0.485646419692792,umap,Ciliated_amphid_neuron
574,1.2753238866077536,umap,Ciliated_amphid_neuron
575,0.6816904843234858,umap,Ciliated_amphid_neuron
576,0.5029025319049896,umap,Ciliated_amphid_neuron
577,4.654017302580864,umap,Ciliated_amphid_neuron
578,0.7366595375438564,umap,Ciliated_amphid_neuron
579,1.432001563419061,umap,Ciliated_amphid_neuron
580,0.3920608913858889,umap,Ciliated_amphid_neuron
581,1.8276757454288826,umap,Ciliated_amphid_neuron
582,2.3841214937674864,umap,Ciliated_amphid_neuron
583,1.3319703263485543,umap,Ciliated_amphid_neuron
584,2.183549830148875,umap,Ciliated_amphid_neuron
585,2.1766170145108115,umap,Ciliated_amphid_neuron
586,,umap,Ciliated_amphid_neuron
587,2.6470654830269424,umap,Ciliated_amphid_neuron
588,3.861416278305427,umap,Ciliated_amphid_neuron
589,1.671278065708398,umap,Ciliated_amphid_neuron
590,2.5036166230018537,umap,Ciliated_amphid_neuron
591,3.0016247359592616,umap,Ciliated_amphid_neuron
592,3.601323997175665,umap,Ciliated_amphid_neuron
593,3.1669946353506813,umap,Ciliated_amphid_neuron
594,1.6480835468664254,umap,Ciliated_amphid_neuron
595,2.4424892503305102,umap,Ciliated_amphid_neuron
596,1.4306167005674153,umap,Ciliated_amphid_neuron
597,1.7548926492090942,umap,Ciliated_amphid_neuron
598,1.8463918516384235,umap,Ciliated_amphid_neuron
599,2.823965091695197,umap,Ciliated_amphid_neuron
600,1.5586136258565635,umap,Ciliated_amphid_neuron
601,0.13645679671978214,umap,Ciliated_amphid_neuron
602,1.2056238178070169,umap,Ciliated_amphid_neuron
603,2.9795478162404994,umap,Ciliated_amphid_neuron
604,1.6660787360639149,umap,Ciliated_amphid_neuron
605,1.8252764240656996,umap,Ciliated_amphid_neuron
606,4.223326317671685,umap,Ciliated_amphid_neuron
607,2.0645350685978734,umap,Ciliated_amphid_neuron
608,2.8467986356494754,umap,Ciliated_amphid_neuron
609,1.3021522177620855,umap,Ciliated_amphid_neuron
610,2.526573954680504,umap,Ciliated_amphid_neuron
611,1.5590582548237915,umap,Ciliated_amphid_neuron
612,0.9983125143691932,umap,Ciliated_amphid_neuron
613,1.9563463751338062,umap,Ciliated_amphid_neuron
614,2.017569179582785,umap,Ciliated_amphid_neuron
615,1.0922281292746359,umap,Ciliated_amphid_neuron
616,1.0555914789351097,umap,Ciliated_amphid_neuron
617,1.2683574653603265,umap,Ciliated_amphid_neuron
618,1.3909442494751623,umap,Ciliated_amphid_neuron
619,1.5377014829982623,umap,Ciliated_amphid_neuron
620,1.5159402073287949,umap,Ciliated_amphid_neuron
621,1.697872743257623,umap,Ciliated_amphid_neuron
622,1.1952661201310562,umap,Ciliated_amphid_neuron
623,,umap,Ciliated_amphid_neuron
624,1.6554923916961837,umap,Ciliated_amphid_neuron
625,0.03597535965555532,umap,Ciliated_amphid_neuron
626,0.7565643349149874,umap,Ciliated_amphid_neuron
627,3.680800660949125,umap,Ciliated_amphid_neuron
628,1.938318582962676,umap,Ciliated_amphid_neuron
629,1.7518433906994233,umap,Ciliated_amphid_neuron
630,2.7002947893706155,umap,Ciliated_amphid_neuron
631,2.2973697586278905,umap,Ciliated_amphid_neuron
632,0.4123593690830867,umap,Ciliated_amphid_neuron
633,0.8542655501165335,umap,Ciliated_amphid_neuron
634,0.4676289835285772,umap,Ciliated_amphid_neuron
635,1.5876188843334011,umap,Ciliated_amphid_neuron
636,2.3147926474820446,umap,Ciliated_amphid_neuron
637,1.2260792563423921,umap,Ciliated_amphid_neuron
638,1.156544715450068,umap,Ciliated_amphid_neuron
639,0.7803956489231766,umap,Ciliated_amphid_neuron
640,1.043086599590643,umap,Ciliated_amphid_neuron
641,2.3489637024153938,umap,Ciliated_amphid_neuron
642,2.1319637658834183,umap,Ciliated_amphid_neuron
643,0.5462145705578741,umap,Ciliated_amphid_neuron
644,1.8844006981383996,umap,Ciliated_amphid_neuron
645,1.8565328711075757,umap,Ciliated_amphid_neuron
646,2.2639178181209534,umap,Ciliated_amphid_neuron
647,3.4425688945672963,umap,Ciliated_amphid_neuron
648,1.9913801587011097,umap,Ciliated_amphid_neuron
649,0.7214023428174728,umap,Ciliated_amphid_neuron
650,1.3036815639752177,umap,Ciliated_amphid_neuron
651,1.1407826134310204,umap,Ciliated_amphid_neuron
652,1.4445746115870415,umap,Ciliated_amphid_neuron
653,2.8419518192555926,umap,Ciliated_amphid_neuron
654,4.508246003651422,umap,Ciliated_amphid_neuron
655,1.6011663468049677,umap,Ciliated_amphid_neuron
656,1.6105629538017077,umap,Ciliated_amphid_neuron
657,1.4007944439263138,umap,Ciliated_amphid_neuron
658,1.3332270299730822,umap,Ciliated_amphid_neuron
659,2.542781870912238,umap,Ciliated_amphid_neuron
660,1.4204161608346884,umap,Ciliated_amphid_neuron
661,5.557441581633292,umap,Ciliated_amphid_neuron
662,1.1860474236799363,umap,Ciliated_amphid_neuron
663,1.0201384325087492,umap,Ciliated_amphid_neuron
664,1.20519134312475,umap,Ciliated_amphid_neuron
665,0.6845299127838225,umap,Ciliated_amphid_neuron
666,0.6705704848557357,umap,Ciliated_amphid_neuron
667,2.075588708215375,umap,Ciliated_amphid_neuron
668,0.18726573990547832,umap,Ciliated_amphid_neuron
669,1.1102166177546853,umap,Ciliated_amphid_neuron
670,0.31431437116442035,umap,Ciliated_amphid_neuron
671,1.1049155043884427,umap,Ciliated_amphid_neuron
672,3.1874575309049544,umap,Ciliated_amphid_neuron
673,2.026758639066879,umap,Ciliated_amphid_neuron
674,1.9407939940811694,umap,Ciliated_amphid_neuron
675,1.4291578963476497,umap,Ciliated_amphid_neuron
676,4.585232346116218,umap,Ciliated_amphid_neuron
677,2.917656590100512,umap,Ciliated_amphid_neuron
678,2.368188094706364,umap,Ciliated_amphid_neuron
679,0.8272816017124914,umap,Ciliated_amphid_neuron
680,1.53017192233364,umap,Ciliated_amphid_neuron
681,3.343728551295414,umap,Ciliated_amphid_neuron
682,1.5652077758286342,umap,Ciliated_amphid_neuron
683,2.9475685861337038,umap,Ciliated_amphid_neuron
684,1.2138494944739482,umap,Ciliated_amphid_neuron
685,2.994338258577866,umap,Ciliated_amphid_neuron
686,8.974900218184644,umap,Ciliated_amphid_neuron
687,0.37871864068098954,umap,Ciliated_amphid_neuron
688,2.2959627948073402,umap,Ciliated_amphid_neuron
689,2.932191248800655,umap,Ciliated_amphid_neuron
690,2.014507514492419,umap,Ciliated_amphid_neuron
691,1.143438681288991,umap,Ciliated_amphid_neuron
692,3.0084828279506306,umap,Ciliated_amphid_neuron
693,1.621778902492516,umap,Ciliated_amphid_neuron
694,2.668162642518059,umap,Ciliated_amphid_neuron
695,0.8097493245312679,umap,Ciliated_amphid_neuron
696,2.5348221528630863,umap,Ciliated_amphid_neuron
697,1.8611463240653976,umap,Ciliated_amphid_neuron
698,1.8470896166219535,umap,Ciliated_amphid_neuron
699,1.3541181302104168,umap,Ciliated_amphid_neuron
700,3.748779974338891,umap,Ciliated_amphid_neuron
701,2.2655819181109726,umap,Ciliated_amphid_neuron
702,1.889954444091523,umap,Ciliated_amphid_neuron
703,1.216473424310301,umap,Ciliated_amphid_neuron
704,1.4374019277776475,umap,Ciliated_amphid_neuron
705,2.174549259725752,umap,Ciliated_amphid_neuron
706,1.656475552948561,umap,Ciliated_amphid_neuron
707,1.012594479114375,umap,Ciliated_amphid_neuron
708,0.8761580531193596,umap,Ciliated_amphid_neuron
709,2.12664365365438,umap,Ciliated_amphid_neuron
710,3.6075738197822327,umap,Ciliated_amphid_neuron
711,1.5438856912997527,umap,Ciliated_amphid_neuron
712,6.777805127270743,umap,Ciliated_amphid_neuron
713,1.8121043914303863,umap,Ciliated_amphid_neuron
714,1.7445083954286809,umap,Ciliated_amphid_neuron
715,2.7521741830533504,umap,Ciliated_amphid_neuron
716,1.6017729789500574,umap,Ciliated_amphid_neuron
717,2.0741225102457177,umap,Ciliated_amphid_neuron
718,2.0768494306511887,umap,Ciliated_amphid_neuron
719,1.6359743604464416,umap,Ciliated_amphid_neuron
720,7.805164271184984,umap,Ciliated_amphid_neuron
721,2.619903609030811,umap,Ciliated_amphid_neuron
722,2.3838929808958667,umap,Ciliated_amphid_neuron
723,1.0980506267312187,umap,Ciliated_amphid_neuron
724,2.883034878098696,umap,Ciliated_amphid_neuron
725,0.5222453747384558,umap,Ciliated_amphid_neuron
726,3.1959838499532736,umap,Ciliated_amphid_neuron
727,2.576046197822431,umap,Ciliated_amphid_neuron
728,2.76110219408754,umap,Ciliated_amphid_neuron
729,2.369804637926884,umap,Ciliated_amphid_neuron
730,3.9306353330016734,umap,Ciliated_amphid_neuron
731,1.49673236804516,umap,Ciliated_amphid_neuron
732,0.9889772562449726,umap,Ciliated_amphid_neuron
733,4.661891522845954,umap,Ciliated_amphid_neuron
734,0.38426255536216763,umap,Ciliated_amphid_neuron
735,0.7959545443794463,umap,Ciliated_amphid_neuron
736,2.4609554920316365,umap,Ciliated_amphid_neuron
737,7.524850634503613,umap,Ciliated_amphid_neuron
738,0.6296942134367494,umap,Ciliated_amphid_neuron
739,2.2296380036811536,umap,Ciliated_amphid_neuron
740,2.806034789923963,umap,Ciliated_amphid_neuron
741,,umap,Ciliated_amphid_neuron
742,1.3960408750813793,umap,Ciliated_amphid_neuron
743,2.8872589024813067,umap,Ciliated_amphid_neuron
744,4.63184275663805,umap,Ciliated_amphid_neuron
745,0.9141566854558685,umap,Ciliated_amphid_neuron
746,1.7258830479742568,umap,Ciliated_amphid_neuron
747,1.4490986010324014,umap,Ciliated_amphid_neuron
748,2.339959666047991,umap,Ciliated_amphid_neuron
749,6.70058732599668,umap,Ciliated_amphid_neuron
750,1.0139119941061574,umap,Ciliated_amphid_neuron
751,0.8521260685153812,umap,Ciliated_amphid_neuron
752,2.7491984555909745,umap,Ciliated_amphid_neuron
753,2.1275404047576414,umap,Ciliated_amphid_neuron
754,1.917100888149372,umap,Ciliated_amphid_neuron
755,3.1363165251319858,umap,Ciliated_amphid_neuron
756,2.8435312811361064,umap,Ciliated_amphid_neuron
757,1.9667589545698843,umap,Ciliated_amphid_neuron
758,2.2851050992511444,umap,Ciliated_amphid_neuron
759,6.273935811664373,umap,Ciliated_amphid_neuron
760,0.6415420989592476,umap,Ciliated_amphid_neuron
761,1.3305679634243368,umap,Ciliated_amphid_neuron
762,1.544603860267937,umap,Ciliated_amphid_neuron
763,3.8661289787556643,umap,Ciliated_amphid_neuron
764,1.7788254437927862,umap,Ciliated_amphid_neuron
765,1.6388967979352225,umap,Ciliated_amphid_neuron
766,0.6722482443741247,umap,Ciliated_amphid_neuron
767,0.9510221855032263,umap,Ciliated_amphid_neuron
768,0.8590021034060041,umap,Ciliated_amphid_neuron
769,1.7163528059266833,umap,Ciliated_amphid_neuron
770,1.7652502988506251,umap,Ciliated_amphid_neuron
771,2.735731700172889,umap,Ciliated_amphid_neuron
772,1.8016950897680788,umap,Ciliated_amphid_neuron
773,0.8319470527538352,umap,Ciliated_amphid_neuron
774,2.5366051533295977,umap,Ciliated_amphid_neuron
775,1.8569794287260264,umap,Ciliated_amphid_neuron
776,2.326542197352675,umap,Ciliated_amphid_neuron
777,2.0989372598134803,umap,Ciliated_amphid_neuron
778,0.7818595353889369,umap,Ciliated_amphid_neuron
779,2.230146677970617,umap,Ciliated_amphid_neuron
780,1.254065942246147,umap,Ciliated_amphid_neuron
781,1.833592413023651,umap,Ciliated_amphid_neuron
782,0.34064310371136863,umap,Ciliated_amphid_neuron
783,1.6953686525047185,umap,Ciliated_amphid_neuron
784,5.016174382512837,umap,Ciliated_amphid_neuron
785,12.93903295777696,umap,Ciliated_amphid_neuron
786,1.9240758504963589,umap,Ciliated_amphid_neuron
787,0.4456957413745803,umap,Ciliated_amphid_neuron
788,0.1854714703595594,umap,Ciliated_amphid_neuron
789,1.9969768819931524,umap,Ciliated_amphid_neuron
790,0.7648898651050924,umap,Ciliated_amphid_neuron
791,2.547728321447077,umap,Ciliated_amphid_neuron
792,0.6243859973725995,umap,Ciliated_amphid_neuron
793,0.35674572964743845,umap,Ciliated_amphid_neuron
794,2.0107247294452186,umap,Ciliated_amphid_neuron
795,2.330670668306415,umap,Ciliated_amphid_neuron
796,1.1789092838647468,umap,Ciliated_amphid_neuron
797,2.1424869284051886,umap,Ciliated_amphid_neuron
798,1.0169341186094354,umap,Ciliated_amphid_neuron
799,1.2246709428136124,umap,Ciliated_amphid_neuron
800,1.6641660545476358,umap,Ciliated_amphid_neuron
801,2.7401394568027464,umap,Ciliated_amphid_neuron
802,0.7218544042577228,umap,Ciliated_amphid_neuron
803,0.7058465528788841,umap,Ciliated_amphid_neuron
804,2.393724944521607,umap,Ciliated_amphid_neuron
805,0.9820029471990694,umap,Ciliated_amphid_neuron
806,1.067537573200853,umap,Ciliated_amphid_neuron
807,1.3682662287905927,umap,Ciliated_amphid_neuron
808,2.0720224274121937,umap,Ciliated_amphid_neuron
809,2.702982974067374,umap,Ciliated_amphid_neuron
810,2.4080101268523264,umap,Ciliated_amphid_neuron
811,1.254223552237255,umap,Ciliated_amphid_neuron
812,2.41255157829812,umap,Ciliated_amphid_neuron
813,1.9188081297371984,umap,Ciliated_amphid_neuron
814,1.3840451058987222,umap,Ciliated_amphid_neuron
815,2.263172531106399,umap,Ciliated_amphid_neuron
816,2.1027977918480882,umap,Ciliated_amphid_neuron
817,0.8014242531112176,umap,Ciliated_amphid_neuron
818,2.2028162300941974,umap,Ciliated_amphid_neuron
819,1.836073548508727,umap,Ciliated_amphid_neuron
820,2.9056040907743554,umap,Ciliated_amphid_neuron
821,2.431809581053804,umap,Ciliated_amphid_neuron
822,2.6943531430332968,umap,Ciliated_amphid_neuron
823,1.8153013525265416,umap,Ciliated_amphid_neuron
824,2.5683910848845053,umap,Ciliated_amphid_neuron
825,2.0346287686773423,umap,Ciliated_amphid_neuron
826,0.7938222157461485,umap,Ciliated_amphid_neuron
827,1.8814728136445673,umap,Ciliated_amphid_neuron
828,1.3684326994512126,umap,Ciliated_amphid_neuron
829,0.7932713411052278,umap,Ciliated_amphid_neuron
830,2.5247745503330195,umap,Ciliated_amphid_neuron
831,1.2783552268829481,umap,Ciliated_amphid_neuron
832,1.3320987320913753,umap,Ciliated_amphid_neuron
833,1.688929556701746,umap,Ciliated_amphid_neuron
834,2.1170769698324383,umap,Ciliated_amphid_neuron
835,1.9692333025882185,umap,Ciliated_amphid_neuron
836,2.704951821421389,umap,Ciliated_amphid_neuron
837,1.326533122713501,umap,Ciliated_amphid_neuron
838,1.5628131329629633,umap,Ciliated_amphid_neuron
839,2.022889641107291,umap,Ciliated_amphid_neuron
840,0.6485360574078256,umap,Ciliated_amphid_neuron
841,4.25440327924734,umap,Ciliated_amphid_neuron
842,0.5070015216070916,umap,Ciliated_amphid_neuron
843,1.5490351073479973,umap,Ciliated_amphid_neuron
844,0.9978194313257471,umap,Ciliated_amphid_neuron
845,2.624065638466724,umap,Ciliated_amphid_neuron
846,1.543548541184256,umap,Ciliated_amphid_neuron
847,1.1576874188836281,umap,Ciliated_amphid_neuron
848,0.9480608870158893,umap,Ciliated_amphid_neuron
849,2.2333016602822804,umap,Ciliated_amphid_neuron
850,1.575507341329041,umap,Ciliated_amphid_neuron
851,1.0305740374526358,umap,Ciliated_amphid_neuron
852,0.7828663842385648,umap,Ciliated_amphid_neuron
853,0.7583216234089941,umap,Ciliated_amphid_neuron
854,1.7186626325248369,umap,Ciliated_amphid_neuron
855,2.0911323417192946,umap,Ciliated_amphid_neuron
856,3.013731408551176,umap,Ciliated_amphid_neuron
857,1.3397608923030666,umap,Ciliated_amphid_neuron
858,0.545373391546063,umap,Ciliated_amphid_neuron
859,1.9178400046225033,umap,Ciliated_amphid_neuron
860,1.358961725687044,umap,Ciliated_amphid_neuron
861,2.1105166505234165,umap,Ciliated_amphid_neuron
862,2.576480489458068,umap,Ciliated_amphid_neuron
863,2.253795476992677,umap,Ciliated_amphid_neuron
864,1.5037567720939264,umap,Ciliated_amphid_neuron
865,1.6216686614015798,umap,Ciliated_amphid_neuron
866,2.8314584018370703,umap,Ciliated_amphid_neuron
867,1.9365316817653777,umap,Ciliated_amphid_neuron
868,0.8019227114654338,umap,Ciliated_amphid_neuron
869,1.9892627349577465,umap,Ciliated_amphid_neuron
870,2.046282444460461,umap,Ciliated_amphid_neuron
871,1.9977301513591637,umap,Ciliated_amphid_neuron
872,2.543599882607252,umap,Ciliated_amphid_neuron
873,0.5587967987126213,umap,Ciliated_amphid_neuron
874,1.3909470418036318,umap,Ciliated_amphid_neuron
875,1.6317450420526345,umap,Ciliated_amphid_neuron
876,1.7099832858228285,umap,Ciliated_amphid_neuron
877,2.703856492571969,umap,Ciliated_amphid_neuron
878,0.6530499841422328,umap,Ciliated_amphid_neuron
879,0.9301345850725302,umap,Ciliated_amphid_neuron
880,1.413994368769651,umap,Ciliated_amphid_neuron
881,2.6501860021038524,umap,Ciliated_amphid_neuron
882,2.503956339021875,umap,Ciliated_amphid_neuron
883,1.9078428379404846,umap,Ciliated_amphid_neuron
884,3.9830941001032976,umap,Ciliated_amphid_neuron
885,0.9015467623211417,umap,Ciliated_amphid_neuron
886,1.3532116459129933,umap,Ciliated_amphid_neuron
887,1.7204759903980262,umap,Ciliated_amphid_neuron
888,3.4435341724509505,umap,Ciliated_amphid_neuron
889,1.2162702785734127,umap,Ciliated_amphid_neuron
890,2.2515576844159964,umap,Ciliated_amphid_neuron
891,1.4806307477524356,umap,Ciliated_amphid_neuron
892,0.8546241814825534,umap,Ciliated_amphid_neuron
893,1.6716418168291352,umap,Ciliated_amphid_neuron
894,2.1673371521184888,umap,Ciliated_amphid_neuron
895,0.5283101086876956,umap,Ciliated_amphid_neuron
896,2.538888510072139,umap,Ciliated_amphid_neuron
897,5.509468292016851,umap,Ciliated_amphid_neuron
898,4.115209873418327,umap,Ciliated_amphid_neuron
899,1.5968284478450059,umap,Ciliated_amphid_neuron
900,2.5433298588901803,umap,Ciliated_amphid_neuron
901,2.580547058849225,umap,Ciliated_amphid_neuron
902,1.016881720801491,umap,Ciliated_amphid_neuron
903,0.9810298577253043,umap,Ciliated_amphid_neuron
904,3.054647533331413,umap,Ciliated_amphid_neuron
905,1.6694170243511142,umap,Ciliated_amphid_neuron
906,1.3104704198429142,umap,Ciliated_amphid_neuron
907,1.9880105485651434,umap,Ciliated_amphid_neuron
908,2.371212386674839,umap,Ciliated_amphid_neuron
909,2.626454224283465,umap,Ciliated_amphid_neuron
910,2.105367240578869,umap,Ciliated_amphid_neuron
911,2.405050990317506,umap,Ciliated_amphid_neuron
912,0.5100519783255874,umap,Ciliated_amphid_neuron
913,3.372101656995171,umap,Ciliated_amphid_neuron
914,2.5041923251182454,umap,Ciliated_amphid_neuron
915,0.26757630725003456,umap,Ciliated_amphid_neuron
916,1.8810244753864798,umap,Ciliated_amphid_neuron
917,2.875901039438407,umap,Ciliated_amphid_neuron
918,1.1874793075862904,umap,Ciliated_amphid_neuron
919,0.8004401155017206,umap,Ciliated_amphid_neuron
920,0.8820730560004699,umap,Ciliated_amphid_neuron
921,0.796453447846937,umap,Ciliated_amphid_neuron
922,0.7184481246343123,umap,Ciliated_amphid_neuron
923,0.23147826975323113,umap,Ciliated_amphid_neuron
924,0.430319964603758,umap,Ciliated_amphid_neuron
925,2.069323947610168,umap,Ciliated_amphid_neuron
926,2.5503218453984697,umap,Ciliated_amphid_neuron
927,1.451031708564122,umap,Ciliated_amphid_neuron
928,1.3290435304130193,umap,Ciliated_amphid_neuron
929,1.4522501006922917,umap,Ciliated_amphid_neuron
930,1.6534090740001763,umap,Ciliated_amphid_neuron
931,1.7908867516428009,umap,Ciliated_amphid_neuron
932,1.5999047211511457,umap,Ciliated_amphid_neuron
933,2.666146004500896,umap,Ciliated_amphid_neuron
934,1.5663299735451504,umap,Ciliated_amphid_neuron
935,1.9707136517263637,umap,Ciliated_amphid_neuron
936,2.1462707485054366,umap,Ciliated_amphid_neuron
937,3.0897367393585813,umap,Ciliated_amphid_neuron
938,1.7068863652458328,umap,Ciliated_amphid_neuron
939,1.0437504940529172,umap,Ciliated_amphid_neuron
940,3.35381072325237,umap,Ciliated_amphid_neuron
941,0.7242454940999785,umap,Ciliated_amphid_neuron
942,0.38309376515079024,umap,Ciliated_amphid_neuron
943,2.1540024945402076,umap,Ciliated_amphid_neuron
944,5.293610112481557,umap,Ciliated_amphid_neuron
945,1.9859570546941236,umap,Ciliated_amphid_neuron
946,1.8498179353642887,umap,Ciliated_amphid_neuron
947,1.3963074525007946,umap,Ciliated_amphid_neuron
948,1.1386083352334047,umap,Ciliated_amphid_neuron
949,2.2320076972042022,umap,Ciliated_amphid_neuron
950,1.1491313905837568,umap,Ciliated_amphid_neuron
951,0.7320982046939511,umap,Ciliated_amphid_neuron
952,2.390574226713373,umap,Ciliated_amphid_neuron
953,6.055467672042209,umap,Ciliated_amphid_neuron
954,1.515605648567478,umap,Ciliated_amphid_neuron
955,1.0893222266951006,umap,Ciliated_amphid_neuron
956,4.655333783297193,umap,Ciliated_amphid_neuron
957,0.45369968048012654,umap,Ciliated_amphid_neuron
958,0.66255388771566,umap,Ciliated_amphid_neuron
959,1.2671041898419817,umap,Ciliated_amphid_neuron
960,1.6629295158034607,umap,Ciliated_amphid_neuron
961,0.9328998015626984,umap,Ciliated_amphid_neuron
962,1.8313978655694347,umap,Ciliated_amphid_neuron
963,1.7265505109238544,umap,Ciliated_amphid_neuron
964,4.123727640976557,umap,Ciliated_amphid_neuron
965,2.0930057269188262,umap,Ciliated_amphid_neuron
966,0.3772672453199589,umap,Ciliated_amphid_neuron
967,3.0091334167254353,umap,Ciliated_amphid_neuron
968,1.1884228092338278,umap,Ciliated_amphid_neuron
969,0.44684702756714817,umap,Ciliated_amphid_neuron
970,1.2461464877534392,umap,Ciliated_amphid_neuron
971,0.8694771424798502,umap,Ciliated_amphid_neuron
972,1.613419929427546,umap,Ciliated_amphid_neuron
973,1.8099910822599572,umap,Ciliated_amphid_neuron
974,1.6836602317861689,umap,Ciliated_amphid_neuron
975,2.985730534756611,umap,Ciliated_amphid_neuron
976,1.6705041882927205,umap,Ciliated_amphid_neuron
977,0.9799414444403594,umap,Ciliated_amphid_neuron
978,0.26697105150962025,umap,Ciliated_amphid_neuron
979,1.7934310824243462,umap,Ciliated_amphid_neuron
980,3.9954532158491642,umap,Ciliated_amphid_neuron
981,9.350391985332827,umap,Ciliated_amphid_neuron
982,1.7383481236791112,umap,Ciliated_amphid_neuron
983,2.5508622915699464,umap,Ciliated_amphid_neuron
984,2.3273991591117626,umap,Ciliated_amphid_neuron
985,2.6974336603738696,umap,Ciliated_amphid_neuron
986,2.2755855858895018,umap,Ciliated_amphid_neuron
987,0.5715390230204127,umap,Ciliated_amphid_neuron
988,4.618090748870722,umap,Ciliated_amphid_neuron
989,3.4510653252568804,umap,Ciliated_amphid_neuron
990,1.5390155433540709,umap,Ciliated_amphid_neuron
991,0.9551760367369719,umap,Ciliated_amphid_neuron
992,1.5598096206037206,umap,Ciliated_amphid_neuron
993,2.1236314589435086,umap,Ciliated_amphid_neuron
994,3.011443065480204,umap,Ciliated_amphid_neuron
995,1.076216603312417,umap,Ciliated_amphid_neuron
996,1.376348983752304,umap,Ciliated_amphid_neuron
997,2.864720087566066,umap,Ciliated_amphid_neuron
998,0.5944127564864858,umap,Ciliated_amphid_neuron
999,1.2573854342800104,umap,Ciliated_amphid_neuron
1000,0.6636899332557707,umap,Hypodermis
1001,0.635688647206614,umap,Hypodermis
1002,0.6868160979529525,umap,Hypodermis
1003,1.7201203988862868,umap,Hypodermis
1004,1.2913873221532264,umap,Hypodermis
1005,0.9443745488881791,umap,Hypodermis
1006,0.8686469248109459,umap,Hypodermis
1007,1.0462062683850912,umap,Hypodermis
1008,7.233760820020014,umap,Hypodermis
1009,0.9887506769755017,umap,Hypodermis
1010,1.3644653502756507,umap,Hypodermis
1011,4.420057055004267,umap,Hypodermis
1012,1.1458217864695488,umap,Hypodermis
1013,0.5337447967467536,umap,Hypodermis
1014,0.7353035617733014,umap,Hypodermis
1015,,umap,Hypodermis
1016,1.3379240168193014,umap,Hypodermis
1017,1.1653165138035788,umap,Hypodermis
1018,0.5125050299660456,umap,Hypodermis
1019,0.7374799740421079,umap,Hypodermis
1020,0.12052859093746443,umap,Hypodermis
1021,0.7440029662193195,umap,Hypodermis
1022,2.5047546066896156,umap,Hypodermis
1023,0.8433707273412688,umap,Hypodermis
1024,1.0858452068032027,umap,Hypodermis
1025,1.9798207341107135,umap,Hypodermis
1026,1.1010235813485632,umap,Hypodermis
1027,0.7076665893359915,umap,Hypodermis
1028,10.805905593972525,umap,Hypodermis
1029,1.1531170562082897,umap,Hypodermis
1030,0.455809640573594,umap,Hypodermis
1031,0.9058020122276821,umap,Hypodermis
1032,1.0847199628077564,umap,Hypodermis
1033,1.9709290750323916,umap,Hypodermis
1034,1.4755904864906209,umap,Hypodermis
1035,1.6033466921567576,umap,Hypodermis
1036,1.8607404521639588,umap,Hypodermis
1037,1.0667224087350435,umap,Hypodermis
1038,1.5339850370139085,umap,Hypodermis
1039,0.8877029611650574,umap,Hypodermis
1040,1.1008775399066426,umap,Hypodermis
1041,10.347962341885808,umap,Hypodermis
1042,1.188813508957517,umap,Hypodermis
1043,0.5469653817967965,umap,Hypodermis
1044,0.2349071315297829,umap,Hypodermis
1045,1.5060342556563902,umap,Hypodermis
1046,1.3825274002839334,umap,Hypodermis
1047,8.638511946850201,umap,Hypodermis
1048,0.7598710782744755,umap,Hypodermis
1049,0.829477519291719,umap,Hypodermis
1050,2.0597829385122535,umap,Hypodermis
1051,0.3643876553460388,umap,Hypodermis
1052,1.7154863382151888,umap,Hypodermis
1053,2.843426940571178,umap,Hypodermis
1054,0.6402709363724047,umap,Hypodermis
1055,0.6991916315355519,umap,Hypodermis
1056,0.702057681007883,umap,Hypodermis
1057,1.3716756495587257,umap,Hypodermis
1058,7.02734307205053,umap,Hypodermis
1059,1.6165520114362972,umap,Hypodermis
1060,1.1036683297404126,umap,Hypodermis
1061,1.7911570829653056,umap,Hypodermis
1062,1.667582208464639,umap,Hypodermis
1063,1.0640389069704685,umap,Hypodermis
1064,0.9859280678082922,umap,Hypodermis
1065,0.9202590044870718,umap,Hypodermis
1066,1.7250867541705146,umap,Hypodermis
1067,6.902944693260877,umap,Hypodermis
1068,2.0109769551154204,umap,Hypodermis
1069,1.9708284924407895,umap,Hypodermis
1070,0.5845909840574358,umap,Hypodermis
1071,0.8322212922094503,umap,Hypodermis
1072,1.1978150564409096,umap,Hypodermis
1073,2.4967120602911512,umap,Hypodermis
1074,1.1360080134846828,umap,Hypodermis
1075,1.3966970810837833,umap,Hypodermis
1076,1.0939318980246249,umap,Hypodermis
1077,1.0939629529143806,umap,Hypodermis
1078,1.4212782170664318,umap,Hypodermis
1079,1.4055880282397117,umap,Hypodermis
1080,0.6957032887627222,umap,Hypodermis
1081,0.7779046739695655,umap,Hypodermis
1082,0.42114334732734954,umap,Hypodermis
1083,10.84426316657439,umap,Hypodermis
1084,2.8557434415185163,umap,Hypodermis
1085,1.1855078740756313,umap,Hypodermis
1086,7.840717692299357,umap,Hypodermis
1087,3.4652216593087632,umap,Hypodermis
1088,0.47476303112304213,umap,Hypodermis
1089,1.5456986195040172,umap,Hypodermis
1090,1.2460396635027158,umap,Hypodermis
1091,0.12556851607965597,umap,Hypodermis
1092,1.0201568147137288,umap,Hypodermis
1093,1.3028671214663963,umap,Hypodermis
1094,0.40535430147699847,umap,Hypodermis
1095,7.2269845312618735,umap,Hypodermis
1096,1.529582134876727,umap,Hypodermis
1097,0.8751494356555947,umap,Hypodermis
1098,0.7400450273935382,umap,Hypodermis
1099,3.5083166021744883,umap,Hypodermis
1100,1.9270369602150559,umap,Hypodermis
1101,1.286822941145813,umap,Hypodermis
1102,6.123720178304139,umap,Hypodermis
1103,0.5370892578063681,umap,Hypodermis
1104,2.0710759649614685,umap,Hypodermis
1105,0.9292740903932556,umap,Hypodermis
1106,1.0671441434804472,umap,Hypodermis
1107,0.8448995928170494,umap,Hypodermis
1108,1.1371502523597892,umap,Hypodermis
1109,1.7139262560457773,umap,Hypodermis
1110,4.03720523245391,umap,Hypodermis
1111,0.3177157285744633,umap,Hypodermis
1112,0.24316044550262403,umap,Hypodermis
1113,2.072632728064812,umap,Hypodermis
1114,0.824043087112519,umap,Hypodermis
1115,0.4750900560511783,umap,Hypodermis
1116,0.9148065017274986,umap,Hypodermis
1117,0.8301155441386402,umap,Hypodermis
1118,1.5501229735518347,umap,Hypodermis
1119,0.17260741417956077,umap,Hypodermis
1120,0.7497915583955848,umap,Hypodermis
1121,1.2790408742158286,umap,Hypodermis
1122,1.3793808305595165,umap,Hypodermis
1123,0.8731455912696902,umap,Hypodermis
1124,0.6413798007194986,umap,Hypodermis
1125,4.052072208359297,umap,Hypodermis
1126,3.0106845614825586,umap,Hypodermis
1127,0.6977703113871779,umap,Hypodermis
1128,1.2738749384945443,umap,Hypodermis
1129,4.364049542877482,umap,Hypodermis
1130,3.7014877425499333,umap,Hypodermis
1131,5.614817448815477,umap,Hypodermis
1132,1.051279417433169,umap,Hypodermis
1133,2.809237306983647,umap,Hypodermis
1134,0.981768209357285,umap,Hypodermis
1135,0.6598082938120641,umap,Hypodermis
1136,0.549636738998078,umap,Hypodermis
1137,5.030579281523837,umap,Hypodermis
1138,0.4313179326534168,umap,Hypodermis
1139,3.729949636492025,umap,Hypodermis
1140,0.5224231036083489,umap,Hypodermis
1141,0.46860345627088024,umap,Hypodermis
1142,1.0617893275260097,umap,Hypodermis
1143,0.7690551293069202,umap,Hypodermis
1144,1.4089056725687714,umap,Hypodermis
1145,4.1710291074368255,umap,Hypodermis
1146,0.904469517577074,umap,Hypodermis
1147,0.48027228435849356,umap,Hypodermis
1148,5.607986286355182,umap,Hypodermis
1149,1.9483292526707572,umap,Hypodermis
1150,0.47321580864384827,umap,Hypodermis
1151,0.27405389154612286,umap,Hypodermis
1152,1.405430122112244,umap,Hypodermis
1153,0.8978923014542556,umap,Hypodermis
1154,1.3681422585345064,umap,Hypodermis
1155,0.9896589394154882,umap,Hypodermis
1156,0.9119417664030783,umap,Hypodermis
1157,0.6973220383187988,umap,Hypodermis
1158,1.2270026495130564,umap,Hypodermis
1159,0.7265107789420946,umap,Hypodermis
1160,10.755205686325326,umap,Hypodermis
1161,3.593993885356088,umap,Hypodermis
1162,9.898772509546655,umap,Hypodermis
1163,3.1281579979305767,umap,Hypodermis
1164,5.247293824140215,umap,Hypodermis
1165,2.788992353557052,umap,Hypodermis
1166,0.5672008222381703,umap,Hypodermis
1167,0.8496071364859146,umap,Hypodermis
1168,0.38049428486944115,umap,Hypodermis
1169,4.1979378470896345,umap,Hypodermis
1170,0.9221264257273447,umap,Hypodermis
1171,0.6650981236373453,umap,Hypodermis
1172,1.5301123471429314,umap,Hypodermis
1173,2.8736802863817603,umap,Hypodermis
1174,0.5212835012487267,umap,Hypodermis
1175,0.5384804102819601,umap,Hypodermis
1176,0.7826782110706929,umap,Hypodermis
1177,1.2338347144279243,umap,Hypodermis
1178,1.1062583116960505,umap,Hypodermis
1179,1.285597567180262,umap,Hypodermis
1180,0.5392761090604861,umap,Hypodermis
1181,0.4537457893382715,umap,Hypodermis
1182,0.8083537829829057,umap,Hypodermis
1183,3.596094460420244,umap,Hypodermis
1184,1.3416321390181032,umap,Hypodermis
1185,1.6373522480854659,umap,Hypodermis
1186,0.8400836367688332,umap,Hypodermis
1187,1.422643557698644,umap,Hypodermis
1188,1.05588008402261,umap,Hypodermis
1189,2.382067297702946,umap,Hypodermis
1190,6.496109306191563,umap,Hypodermis
1191,0.3568867514137006,umap,Hypodermis
1192,0.40140705013816097,umap,Hypodermis
1193,2.0870947715747326,umap,Hypodermis
1194,3.274265635738191,umap,Hypodermis
1195,0.10070708769258917,umap,Hypodermis
1196,0.590626701820549,umap,Hypodermis
1197,1.19386119804338,umap,Hypodermis
1198,0.2696708067564382,umap,Hypodermis
1199,0.7764202227855446,umap,Hypodermis
1200,0.9337371247127,umap,Hypodermis
1201,1.0367263553259642,umap,Hypodermis
1202,6.217763863551637,umap,Hypodermis
1203,1.2597673080002816,umap,Hypodermis
1204,4.597814087256929,umap,Hypodermis
1205,4.5227688245721165,umap,Hypodermis
1206,2.67182018093879,umap,Hypodermis
1207,2.9203708533058714,umap,Hypodermis
1208,0.9781944224598719,umap,Hypodermis
1209,1.0959256760650071,umap,Hypodermis
1210,1.3904449062741329,umap,Hypodermis
1211,2.9041790069513933,umap,Hypodermis
1212,0.41413146142120466,umap,Hypodermis
1213,1.1724179351877562,umap,Hypodermis
1214,0.7917375484895427,umap,Hypodermis
1215,0.6409657351889063,umap,Hypodermis
1216,0.7580328079863783,umap,Hypodermis
1217,0.7532460031015902,umap,Hypodermis
1218,1.56177094179034,umap,Hypodermis
1219,1.2231074105081694,umap,Hypodermis
1220,0.9660601581832551,umap,Hypodermis
1221,1.1278899072094806,umap,Hypodermis
1222,3.0489993096490626,umap,Hypodermis
1223,5.280271390464985,umap,Hypodermis
1224,1.0455030609641394,umap,Hypodermis
1225,2.3988452251086403,umap,Hypodermis
1226,0.34675327614814017,umap,Hypodermis
1227,4.316286639508961,umap,Hypodermis
1228,1.0976218290865247,umap,Hypodermis
1229,4.275862336230152,umap,Hypodermis
1230,1.0984232882947373,umap,Hypodermis
1231,3.2477839750274278,umap,Hypodermis
1232,0.710566326762761,umap,Hypodermis
1233,7.076424437322413,umap,Hypodermis
1234,1.2592674907880888,umap,Hypodermis
1235,1.5958137492130164,umap,Hypodermis
1236,1.1966112959138437,umap,Hypodermis
1237,1.0146320605491754,umap,Hypodermis
1238,5.771499119980656,umap,Hypodermis
1239,1.0566477684520652,umap,Hypodermis
1240,2.8297735594061315,umap,Hypodermis
1241,1.1267371131849255,umap,Hypodermis
1242,2.468713775165366,umap,Hypodermis
1243,1.5793340676823016,umap,Hypodermis
1244,1.034795551039867,umap,Hypodermis
1245,0.8537917231410044,umap,Hypodermis
1246,0.989374117170346,umap,Hypodermis
1247,1.0344446343392812,umap,Hypodermis
1248,1.0057414840306254,umap,Hypodermis
1249,1.1740139526461264,umap,Hypodermis
1250,3.775347862814263,umap,Hypodermis
1251,2.1549828063823906,umap,Hypodermis
1252,1.2265817463567619,umap,Hypodermis
1253,0.17910253609361673,umap,Hypodermis
1254,4.601748561012713,umap,Hypodermis
1255,0.9166761110041237,umap,Hypodermis
1256,6.675496631198915,umap,Hypodermis
1257,3.374242794313506,umap,Hypodermis
1258,5.95709550287559,umap,Hypodermis
1259,1.6083857839483269,umap,Hypodermis
1260,1.5116076482478906,umap,Hypodermis
1261,1.8209705887664775,umap,Hypodermis
1262,1.779965031543938,umap,Hypodermis
1263,0.8658758734055141,umap,Hypodermis
1264,1.2700928262937399,umap,Hypodermis
1265,1.0355951442662874,umap,Hypodermis
1266,3.2382536973530436,umap,Hypodermis
1267,5.414410319370673,umap,Hypodermis
1268,1.1153807381360648,umap,Hypodermis
1269,1.4629612671305923,umap,Hypodermis
1270,6.830130713358321,umap,Hypodermis
1271,0.9991064232668914,umap,Hypodermis
1272,0.9541547069655256,umap,Hypodermis
1273,0.505452362854169,umap,Hypodermis
1274,1.3062440621193543,umap,Hypodermis
1275,1.3095762657859318,umap,Hypodermis
1276,1.1233550044959808,umap,Hypodermis
1277,0.34316289171175074,umap,Hypodermis
1278,0.29910125231082796,umap,Hypodermis
1279,1.2919503829185157,umap,Hypodermis
1280,0.8366353928907642,umap,Hypodermis
1281,1.032546400685744,umap,Hypodermis
1282,7.0156093128708115,umap,Hypodermis
1283,0.8131134690596686,umap,Hypodermis
1284,1.3450972146786238,umap,Hypodermis
1285,0.3953504219730634,umap,Hypodermis
1286,1.1299180234458084,umap,Hypodermis
1287,1.0473692186048518,umap,Hypodermis
1288,1.3017349480581903,umap,Hypodermis
1289,0.5393975798398186,umap,Hypodermis
1290,6.001545841728783,umap,Hypodermis
1291,1.2508263870617697,umap,Hypodermis
1292,0.5385542172525273,umap,Hypodermis
1293,12.172871178800145,umap,Hypodermis
1294,2.7497227966289706,umap,Hypodermis
1295,6.161353457920305,umap,Hypodermis
1296,0.5509258902849361,umap,Hypodermis
1297,0.8863729386030132,umap,Hypodermis
1298,2.104009461319621,umap,Hypodermis
1299,1.1427036210794448,umap,Hypodermis
1300,1.4438249455694392,umap,Hypodermis
1301,0.3184016698510893,umap,Hypodermis
1302,0.4277718590253008,umap,Hypodermis
1303,0.40979344582709015,umap,Hypodermis
1304,15.512702561384051,umap,Hypodermis
1305,0.9266036104661499,umap,Hypodermis
1306,8.18723357761968,umap,Hypodermis
1307,1.0526266299417522,umap,Hypodermis
1308,1.1739284921095194,umap,Hypodermis
1309,3.0582601635269215,umap,Hypodermis
1310,0.6433397378773644,umap,Hypodermis
1311,1.5916278336414504,umap,Hypodermis
1312,1.3169346118840548,umap,Hypodermis
1313,1.5987982649783965,umap,Hypodermis
1314,3.6034648058569503,umap,Hypodermis
1315,1.860813936815034,umap,Hypodermis
1316,0.7776546956721907,umap,Hypodermis
1317,1.2988868789589092,umap,Hypodermis
1318,3.371548673823797,umap,Hypodermis
1319,7.339838208684009,umap,Hypodermis
1320,0.7840479384212397,umap,Hypodermis
1321,1.0150618884905966,umap,Hypodermis
1322,2.1420163121814313,umap,Hypodermis
1323,0.8323533568342247,umap,Hypodermis
1324,1.1826149829033112,umap,Hypodermis
1325,1.169015116654525,umap,Hypodermis
1326,1.1943309105846347,umap,Hypodermis
1327,1.0964936986942022,umap,Hypodermis
1328,7.0164074732261605,umap,Hypodermis
1329,8.470586281695422,umap,Hypodermis
1330,0.8325462399253478,umap,Hypodermis
1331,0.3527353365199844,umap,Hypodermis
1332,0.7322776988011597,umap,Hypodermis
1333,0.7695830524155527,umap,Hypodermis
1334,0.6206485086603954,umap,Hypodermis
1335,0.7042572693818967,umap,Hypodermis
1336,0.39988219700870264,umap,Hypodermis
1337,0.9071960164078513,umap,Hypodermis
1338,1.0585537604872857,umap,Hypodermis
1339,0.8021860194829871,umap,Hypodermis
1340,0.4164251171094572,umap,Hypodermis
1341,5.706322622800471,umap,Hypodermis
1342,0.8199879294254269,umap,Hypodermis
1343,3.0909991404385058,umap,Hypodermis
1344,0.8620055804107339,umap,Hypodermis
1345,1.2250320735550286,umap,Hypodermis
1346,5.193823042930623,umap,Hypodermis
1347,1.5698376213232696,umap,Hypodermis
1348,2.7164506652307474,umap,Hypodermis
1349,1.3570571805936875,umap,Hypodermis
1350,3.219412110576676,umap,Hypodermis
1351,1.2460561811455935,umap,Hypodermis
1352,1.3205507048560505,umap,Hypodermis
1353,2.464041764558179,umap,Hypodermis
1354,0.5182702414619013,umap,Hypodermis
1355,1.7054707640474829,umap,Hypodermis
1356,2.0803938977465237,umap,Hypodermis
1357,0.9645896070877064,umap,Hypodermis
1358,0.9067778580855692,umap,Hypodermis
1359,0.6499120590664386,umap,Hypodermis
1360,1.2419520740730357,umap,Hypodermis
1361,1.1762088613575694,umap,Hypodermis
1362,2.295807413152876,umap,Hypodermis
1363,0.9751801451143658,umap,Hypodermis
1364,0.8590495560274887,umap,Hypodermis
1365,3.501278728535748,umap,Hypodermis
1366,0.999940618867257,umap,Hypodermis
1367,0.8869114063159855,umap,Hypodermis
1368,1.8516051514546987,umap,Hypodermis
1369,0.6410337335782215,umap,Hypodermis
1370,0.9160100350470989,umap,Hypodermis
1371,4.771430690321547,umap,Hypodermis
1372,0.8556133831302618,umap,Hypodermis
1373,5.074938185997836,umap,Hypodermis
1374,0.9598369123658718,umap,Hypodermis
1375,0.38803244233789613,umap,Hypodermis
1376,2.281890447396436,umap,Hypodermis
1377,1.461028625375451,umap,Hypodermis
1378,6.899306640927903,umap,Hypodermis
1379,2.1755526497076723,umap,Hypodermis
1380,1.0354006060147931,umap,Hypodermis
1381,0.7727708480568197,umap,Hypodermis
1382,0.4604470607607999,umap,Hypodermis
1383,6.357340344213488,umap,Hypodermis
1384,3.0704759963304205,umap,Hypodermis
1385,0.5786167935420391,umap,Hypodermis
1386,3.547989018912927,umap,Hypodermis
1387,1.2858025761882412,umap,Hypodermis
1388,1.2081530542781544,umap,Hypodermis
1389,0.7325472343143972,umap,Hypodermis
1390,0.263629588550267,umap,Hypodermis
1391,1.099800860813242,umap,Hypodermis
1392,0.6738125442640898,umap,Hypodermis
1393,0.6305363444125174,umap,Hypodermis
1394,0.4735077289514373,umap,Hypodermis
1395,1.6506119869248768,umap,Hypodermis
1396,1.0940866797770683,umap,Hypodermis
1397,0.15216258147989092,umap,Hypodermis
1398,0.7924700481795532,umap,Hypodermis
1399,5.888431316808845,umap,Hypodermis
1400,0.6711588095471602,umap,Hypodermis
1401,5.798487231307339,umap,Hypodermis
1402,1.5832637955041988,umap,Hypodermis
1403,7.715905180773589,umap,Hypodermis
1404,0.7532804232642759,umap,Hypodermis
1405,1.83554247459948,umap,Hypodermis
1406,0.8738797222946789,umap,Hypodermis
1407,1.1934812927880636,umap,Hypodermis
1408,0.45297118712091095,umap,Hypodermis
1409,1.2757222230372898,umap,Hypodermis
1410,2.0714988903317586,umap,Hypodermis
1411,0.8794070941320647,umap,Hypodermis
1412,1.2812275501590404,umap,Hypodermis
1413,0.26871485013859364,umap,Hypodermis
1414,3.348789794834749,umap,Hypodermis
1415,1.0426790245850408,umap,Hypodermis
1416,1.2422355238254859,umap,Hypodermis
1417,0.4512887924172393,umap,Hypodermis
1418,1.1464232577942675,umap,Hypodermis
1419,0.8351530993876718,umap,Hypodermis
1420,2.8552705953965924,umap,Hypodermis
1421,0.6130664758050657,umap,Hypodermis
1422,2.9707173915293312,umap,Hypodermis
1423,0.4824265439542744,umap,Hypodermis
1424,1.1711073499463758,umap,Hypodermis
1425,0.7761135597139542,umap,Hypodermis
1426,5.185830861472858,umap,Hypodermis
1427,1.0970834587562828,umap,Hypodermis
1428,0.6669082466292703,umap,Hypodermis
1429,0.9081949218046924,umap,Hypodermis
1430,1.671101064212068,umap,Hypodermis
1431,1.5819579717662178,umap,Hypodermis
1432,1.4194896371101964,umap,Hypodermis
1433,0.3973518942504134,umap,Hypodermis
1434,1.405442075237903,umap,Hypodermis
1435,1.441992577450195,umap,Hypodermis
1436,0.7722603160399668,umap,Hypodermis
1437,1.3601584926932841,umap,Hypodermis
1438,1.280007782648273,umap,Hypodermis
1439,1.2530575610252532,umap,Hypodermis
1440,0.44380110846562587,umap,Hypodermis
1441,12.384057850618643,umap,Hypodermis
1442,5.533221793600192,umap,Hypodermis
1443,4.807002386080125,umap,Hypodermis
1444,0.21630933137812214,umap,Hypodermis
1445,0.5221278003990126,umap,Hypodermis
1446,1.0023406623621665,umap,Hypodermis
1447,0.43671654151448475,umap,Hypodermis
1448,3.0205654866652867,umap,Hypodermis
1449,0.6125614561345709,umap,Hypodermis
1450,0.5849735286226465,umap,Hypodermis
1451,0.17449808062693792,umap,Hypodermis
1452,0.5965532402555809,umap,Hypodermis
1453,1.7251460810680979,umap,Hypodermis
1454,1.8037321132316915,umap,Hypodermis
1455,1.3684090808585814,umap,Hypodermis
1456,1.1743380154620315,umap,Hypodermis
1457,1.0184096497742872,umap,Hypodermis
1458,0.8046849852894287,umap,Hypodermis
1459,0.43425595266799083,umap,Hypodermis
1460,13.325458212427188,umap,Hypodermis
1461,0.29007925030077303,umap,Hypodermis
1462,1.3171224650467561,umap,Hypodermis
1463,0.9567882244449487,umap,Hypodermis
1464,0.8620184811967347,umap,Hypodermis
1465,3.1317222958701443,umap,Hypodermis
1466,2.037503668800369,umap,Hypodermis
1467,1.0246600875389293,umap,Hypodermis
1468,3.5265734611692827,umap,Hypodermis
1469,0.5769954701333483,umap,Hypodermis
1470,1.7481971009715858,umap,Hypodermis
1471,3.077462357152164,umap,Hypodermis
1472,4.945942646629625,umap,Hypodermis
1473,0.9014720998197305,umap,Hypodermis
1474,1.3445343813000652,umap,Hypodermis
1475,6.0984336914052815,umap,Hypodermis
1476,4.71791801311054,umap,Hypodermis
1477,0.38387649092510295,umap,Hypodermis
1478,1.3748622548190277,umap,Hypodermis
1479,1.3823140436657593,umap,Hypodermis
1480,0.08587633299146956,umap,Hypodermis
1481,1.5182056683653966,umap,Hypodermis
1482,0.7675879460901142,umap,Hypodermis
1483,1.8434024203137656,umap,Hypodermis
1484,1.2056815007167159,umap,Hypodermis
1485,1.1466283462759692,umap,Hypodermis
1486,1.1441514825706183,umap,Hypodermis
1487,0.8922990401157419,umap,Hypodermis
1488,1.199687403298842,umap,Hypodermis
1489,0.6464596027523457,umap,Hypodermis
1490,1.8641597372478527,umap,Hypodermis
1491,4.754867713577865,umap,Hypodermis
1492,1.0604357892573202,umap,Hypodermis
1493,0.9026187397824605,umap,Hypodermis
1494,5.126056720234303,umap,Hypodermis
1495,1.1670213739100392,umap,Hypodermis
1496,0.6974615545512762,umap,Hypodermis
1497,1.0983790537983702,umap,Hypodermis
1498,15.62513399739361,umap,Hypodermis
1499,3.1672832560271145,umap,Hypodermis
1500,3.1572364497690075,umap,Ciliated_non_amphid_neuron
1501,2.9737521375686415,umap,Ciliated_non_amphid_neuron
1502,1.439387764312562,umap,Ciliated_non_amphid_neuron
1503,1.962881614374685,umap,Ciliated_non_amphid_neuron
1504,0.7779514970692566,umap,Ciliated_non_amphid_neuron
1505,2.739747263134097,umap,Ciliated_non_amphid_neuron
1506,1.360475026369331,umap,Ciliated_non_amphid_neuron
1507,1.8483087137606227,umap,Ciliated_non_amphid_neuron
1508,3.926836479682458,umap,Ciliated_non_amphid_neuron
1509,5.652533174731234,umap,Ciliated_non_amphid_neuron
1510,0.8789502341070464,umap,Ciliated_non_amphid_neuron
1511,0.4730037882024221,umap,Ciliated_non_amphid_neuron
1512,0.24496776889357766,umap,Ciliated_non_amphid_neuron
1513,1.6338259113079838,umap,Ciliated_non_amphid_neuron
1514,1.8960492230105832,umap,Ciliated_non_amphid_neuron
1515,1.677028445469426,umap,Ciliated_non_amphid_neuron
1516,1.1567476064790074,umap,Ciliated_non_amphid_neuron
1517,2.380394301602998,umap,Ciliated_non_amphid_neuron
1518,2.4276399618859825,umap,Ciliated_non_amphid_neuron
1519,1.229555653938516,umap,Ciliated_non_amphid_neuron
1520,0.13774768663789796,umap,Ciliated_non_amphid_neuron
1521,1.6133962085301035,umap,Ciliated_non_amphid_neuron
1522,2.4602840793539076,umap,Ciliated_non_amphid_neuron
1523,0.9217706436897722,umap,Ciliated_non_amphid_neuron
1524,0.9232877609957346,umap,Ciliated_non_amphid_neuron
1525,1.5445630306855826,umap,Ciliated_non_amphid_neuron
1526,1.758980444370273,umap,Ciliated_non_amphid_neuron
1527,0.03422028140411353,umap,Ciliated_non_amphid_neuron
1528,1.0051962569392048,umap,Ciliated_non_amphid_neuron
1529,2.4356586744685966,umap,Ciliated_non_amphid_neuron
1530,2.138122468411608,umap,Ciliated_non_amphid_neuron
1531,0.7502940118172211,umap,Ciliated_non_amphid_neuron
1532,0.8195460425238743,umap,Ciliated_non_amphid_neuron
1533,1.683512038121632,umap,Ciliated_non_amphid_neuron
1534,4.499826625707128,umap,Ciliated_non_amphid_neuron
1535,1.6758900138354444,umap,Ciliated_non_amphid_neuron
1536,3.897770419150966,umap,Ciliated_non_amphid_neuron
1537,0.9079722378844898,umap,Ciliated_non_amphid_neuron
1538,2.9471069341574734,umap,Ciliated_non_amphid_neuron
1539,3.6707716078462482,umap,Ciliated_non_amphid_neuron
1540,0.8469233038943856,umap,Ciliated_non_amphid_neuron
1541,1.6346550272961016,umap,Ciliated_non_amphid_neuron
1542,1.5326408404763114,umap,Ciliated_non_amphid_neuron
1543,0.06870794864594489,umap,Ciliated_non_amphid_neuron
1544,1.317116107431869,umap,Ciliated_non_amphid_neuron
1545,1.7864036832166588,umap,Ciliated_non_amphid_neuron
1546,1.1891481834139639,umap,Ciliated_non_amphid_neuron
1547,3.084069377234376,umap,Ciliated_non_amphid_neuron
1548,2.6262874582485853,umap,Ciliated_non_amphid_neuron
1549,0.4916534487436516,umap,Ciliated_non_amphid_neuron
1550,0.6722813001812825,umap,Ciliated_non_amphid_neuron
1551,0.9394119038614323,umap,Ciliated_non_amphid_neuron
1552,3.7435625235957373,umap,Ciliated_non_amphid_neuron
1553,1.3714170895526245,umap,Ciliated_non_amphid_neuron
1554,2.4210327955828777,umap,Ciliated_non_amphid_neuron
1555,5.1233460909538175,umap,Ciliated_non_amphid_neuron
1556,1.0562377425032368,umap,Ciliated_non_amphid_neuron
1557,1.1723105843903447,umap,Ciliated_non_amphid_neuron
1558,9.149995817517595,umap,Ciliated_non_amphid_neuron
1559,0.9850516930774657,umap,Ciliated_non_amphid_neuron
1560,1.7365463929080995,umap,Ciliated_non_amphid_neuron
1561,1.5659279868043683,umap,Ciliated_non_amphid_neuron
1562,2.636788974794617,umap,Ciliated_non_amphid_neuron
1563,2.005284874878281,umap,Ciliated_non_amphid_neuron
1564,0.8977407731554191,umap,Ciliated_non_amphid_neuron
1565,4.319573997048822,umap,Ciliated_non_amphid_neuron
1566,0.9376130212099221,umap,Ciliated_non_amphid_neuron
1567,1.6805222875434076,umap,Ciliated_non_amphid_neuron
1568,1.6136752150942764,umap,Ciliated_non_amphid_neuron
1569,1.1824142881098498,umap,Ciliated_non_amphid_neuron
1570,1.3305742164352157,umap,Ciliated_non_amphid_neuron
1571,2.4345544775265706,umap,Ciliated_non_amphid_neuron
1572,2.6296113410155453,umap,Ciliated_non_amphid_neuron
1573,0.8905712797214808,umap,Ciliated_non_amphid_neuron
1574,2.668762381430798,umap,Ciliated_non_amphid_neuron
1575,0.5971015155910112,umap,Ciliated_non_amphid_neuron
1576,1.0326622914340884,umap,Ciliated_non_amphid_neuron
1577,0.5477698140887535,umap,Ciliated_non_amphid_neuron
1578,1.7975265229559525,umap,Ciliated_non_amphid_neuron
1579,1.0910920677446516,umap,Ciliated_non_amphid_neuron
1580,1.8766658609419877,umap,Ciliated_non_amphid_neuron
1581,0.5552704512108271,umap,Ciliated_non_amphid_neuron
1582,1.8307146299011492,umap,Ciliated_non_amphid_neuron
1583,0.23136260297889,umap,Ciliated_non_amphid_neuron
1584,1.9606911857269438,umap,Ciliated_non_amphid_neuron
1585,1.4233974310647126,umap,Ciliated_non_amphid_neuron
1586,,umap,Ciliated_non_amphid_neuron
1587,3.94552441906633,umap,Ciliated_non_amphid_neuron
1588,1.3086098525210454,umap,Ciliated_non_amphid_neuron
1589,1.6203363913265616,umap,Ciliated_non_amphid_neuron
1590,5.536599147778345,umap,Ciliated_non_amphid_neuron
1591,1.8025084290619036,umap,Ciliated_non_amphid_neuron
1592,1.177775150788088,umap,Ciliated_non_amphid_neuron
1593,1.770096519049945,umap,Ciliated_non_amphid_neuron
1594,1.1590531860253348,umap,Ciliated_non_amphid_neuron
1595,2.61579024501777,umap,Ciliated_non_amphid_neuron
1596,1.4130572626302005,umap,Ciliated_non_amphid_neuron
1597,0.9643303591427691,umap,Ciliated_non_amphid_neuron
1598,3.166622022428845,umap,Ciliated_non_amphid_neuron
1599,1.1616482560340664,umap,Ciliated_non_amphid_neuron
1600,0.5234415474498189,umap,Ciliated_non_amphid_neuron
1601,1.6401387034278183,umap,Ciliated_non_amphid_neuron
1602,3.537077530495024,umap,Ciliated_non_amphid_neuron
1603,1.2800599783512343,umap,Ciliated_non_amphid_neuron
1604,1.8266984917519025,umap,Ciliated_non_amphid_neuron
1605,0.29384994475474385,umap,Ciliated_non_amphid_neuron
1606,0.6711000546256032,umap,Ciliated_non_amphid_neuron
1607,1.9518437164773765,umap,Ciliated_non_amphid_neuron
1608,4.93751011345679,umap,Ciliated_non_amphid_neuron
1609,3.5815551605515847,umap,Ciliated_non_amphid_neuron
1610,1.3171638398815553,umap,Ciliated_non_amphid_neuron
1611,2.367250600163608,umap,Ciliated_non_amphid_neuron
1612,1.8450018513280488,umap,Ciliated_non_amphid_neuron
1613,1.913985009023915,umap,Ciliated_non_amphid_neuron
1614,0.8764033480948646,umap,Ciliated_non_amphid_neuron
1615,0.6309833127769688,umap,Ciliated_non_amphid_neuron
1616,1.5884546183306552,umap,Ciliated_non_amphid_neuron
1617,0.5403728091316712,umap,Ciliated_non_amphid_neuron
1618,1.3777301914253026,umap,Ciliated_non_amphid_neuron
1619,1.7840617221275406,umap,Ciliated_non_amphid_neuron
1620,8.707920259081135,umap,Ciliated_non_amphid_neuron
1621,2.191672449508995,umap,Ciliated_non_amphid_neuron
1622,1.2429539292254492,umap,Ciliated_non_amphid_neuron
1623,0.9445706743493676,umap,Ciliated_non_amphid_neuron
1624,1.6267278146911526,umap,Ciliated_non_amphid_neuron
1625,0.3534520156268957,umap,Ciliated_non_amphid_neuron
1626,2.2402105872308464,umap,Ciliated_non_amphid_neuron
1627,1.6402055877140826,umap,Ciliated_non_amphid_neuron
1628,5.565026312645137,umap,Ciliated_non_amphid_neuron
1629,0.4904115579345694,umap,Ciliated_non_amphid_neuron
1630,0.9520519841607271,umap,Ciliated_non_amphid_neuron
1631,1.4998145837945032,umap,Ciliated_non_amphid_neuron
1632,1.6865788641077135,umap,Ciliated_non_amphid_neuron
1633,6.489286833703852,umap,Ciliated_non_amphid_neuron
1634,2.5760240493554813,umap,Ciliated_non_amphid_neuron
1635,1.5117998093079028,umap,Ciliated_non_amphid_neuron
1636,1.676596901159395,umap,Ciliated_non_amphid_neuron
1637,1.5206404086829837,umap,Ciliated_non_amphid_neuron
1638,1.097007107872254,umap,Ciliated_non_amphid_neuron
1639,1.3284413314336843,umap,Ciliated_non_amphid_neuron
1640,1.3043800676787145,umap,Ciliated_non_amphid_neuron
1641,1.3666729736919292,umap,Ciliated_non_amphid_neuron
1642,1.4715664738890277,umap,Ciliated_non_amphid_neuron
1643,4.429768268444528,umap,Ciliated_non_amphid_neuron
1644,0.8714417258230319,umap,Ciliated_non_amphid_neuron
1645,0.5681738520951054,umap,Ciliated_non_amphid_neuron
1646,0.8753159368720015,umap,Ciliated_non_amphid_neuron
1647,6.988664527296132,umap,Ciliated_non_amphid_neuron
1648,2.3948745094319634,umap,Ciliated_non_amphid_neuron
1649,0.588291975037716,umap,Ciliated_non_amphid_neuron
1650,0.24265787325307195,umap,Ciliated_non_amphid_neuron
1651,5.63239415180732,umap,Ciliated_non_amphid_neuron
1652,0.38549260460107376,umap,Ciliated_non_amphid_neuron
1653,1.0745181989298567,umap,Ciliated_non_amphid_neuron
1654,0.518327605564759,umap,Ciliated_non_amphid_neuron
1655,0.5973283972693385,umap,Ciliated_non_amphid_neuron
1656,1.3856413244454246,umap,Ciliated_non_amphid_neuron
1657,0.962199350977006,umap,Ciliated_non_amphid_neuron
1658,2.054492067133687,umap,Ciliated_non_amphid_neuron
1659,1.3458739376050906,umap,Ciliated_non_amphid_neuron
1660,0.8500968735832407,umap,Ciliated_non_amphid_neuron
1661,2.057088594975982,umap,Ciliated_non_amphid_neuron
1662,5.348605553695418,umap,Ciliated_non_amphid_neuron
1663,1.7490064390375248,umap,Ciliated_non_amphid_neuron
1664,1.0602440253142948,umap,Ciliated_non_amphid_neuron
1665,7.747875154412455,umap,Ciliated_non_amphid_neuron
1666,1.8978073259038128,umap,Ciliated_non_amphid_neuron
1667,1.335290425310109,umap,Ciliated_non_amphid_neuron
1668,1.6053743455771947,umap,Ciliated_non_amphid_neuron
1669,1.7402758209004323,umap,Ciliated_non_amphid_neuron
1670,0.18831664994205005,umap,Ciliated_non_amphid_neuron
1671,1.6055523558535563,umap,Ciliated_non_amphid_neuron
1672,0.9054015243690553,umap,Ciliated_non_amphid_neuron
1673,1.7108136585405544,umap,Ciliated_non_amphid_neuron
1674,2.376255463014536,umap,Ciliated_non_amphid_neuron
1675,1.7271766318801722,umap,Ciliated_non_amphid_neuron
1676,1.136041752015321,umap,Ciliated_non_amphid_neuron
1677,0.5465667502710589,umap,Ciliated_non_amphid_neuron
1678,1.3194586958794299,umap,Ciliated_non_amphid_neuron
1679,1.9080661284928038,umap,Ciliated_non_amphid_neuron
1680,2.1131125198042686,umap,Ciliated_non_amphid_neuron
1681,0.922814145887029,umap,Ciliated_non_amphid_neuron
1682,1.9928842589265003,umap,Ciliated_non_amphid_neuron
1683,0.9707326575398334,umap,Ciliated_non_amphid_neuron
1684,2.42494568985912,umap,Ciliated_non_amphid_neuron
1685,2.129799658635157,umap,Ciliated_non_amphid_neuron
1686,1.1317283283802588,umap,Ciliated_non_amphid_neuron
1687,0.8457329187131952,umap,Ciliated_non_amphid_neuron
1688,10.95274219147736,umap,Ciliated_non_amphid_neuron
1689,1.626367307694287,umap,Ciliated_non_amphid_neuron
1690,2.385549630414952,umap,Ciliated_non_amphid_neuron
1691,2.583783134843919,umap,Ciliated_non_amphid_neuron
1692,1.6737849653820145,umap,Ciliated_non_amphid_neuron
1693,1.85923650342934,umap,Ciliated_non_amphid_neuron
1694,0.5496245973481084,umap,Ciliated_non_amphid_neuron
1695,,umap,Ciliated_non_amphid_neuron
1696,0.6305486047908355,umap,Ciliated_non_amphid_neuron
1697,0.8724141540731248,umap,Ciliated_non_amphid_neuron
1698,3.4997044287981898,umap,Ciliated_non_amphid_neuron
1699,2.4943466512747974,umap,Ciliated_non_amphid_neuron
1700,1.0712456030592101,umap,Ciliated_non_amphid_neuron
1701,3.0640322447161186,umap,Ciliated_non_amphid_neuron
1702,2.009705711522885,umap,Ciliated_non_amphid_neuron
1703,2.601635740670758,umap,Ciliated_non_amphid_neuron
1704,1.3773363525772628,umap,Ciliated_non_amphid_neuron
1705,0.3496827371514385,umap,Ciliated_non_amphid_neuron
1706,0.7632360502032531,umap,Ciliated_non_amphid_neuron
1707,1.2757593561242417,umap,Ciliated_non_amphid_neuron
1708,3.3987588354125027,umap,Ciliated_non_amphid_neuron
1709,1.1069043726470877,umap,Ciliated_non_amphid_neuron
1710,1.8458534570255352,umap,Ciliated_non_amphid_neuron
1711,1.5964188253072653,umap,Ciliated_non_amphid_neuron
1712,1.6127234027668689,umap,Ciliated_non_amphid_neuron
1713,0.5795721825487312,umap,Ciliated_non_amphid_neuron
1714,1.5617119295613586,umap,Ciliated_non_amphid_neuron
1715,2.244524067447449,umap,Ciliated_non_amphid_neuron
1716,2.237681606719498,umap,Ciliated_non_amphid_neuron
1717,1.6023134760692712,umap,Ciliated_non_amphid_neuron
1718,2.2874794516638817,umap,Ciliated_non_amphid_neuron
1719,1.004136869732559,umap,Ciliated_non_amphid_neuron
1720,4.907433410161457,umap,Ciliated_non_amphid_neuron
1721,2.3585916672728073,umap,Ciliated_non_amphid_neuron
1722,0.9400363574779503,umap,Ciliated_non_amphid_neuron
1723,3.5279148924929555,umap,Ciliated_non_amphid_neuron
1724,0.522168365355162,umap,Ciliated_non_amphid_neuron
1725,1.1233896883201213,umap,Ciliated_non_amphid_neuron
1726,0.5760761034097387,umap,Ciliated_non_amphid_neuron
1727,7.242215768727512,umap,Ciliated_non_amphid_neuron
1728,1.3484215346311328,umap,Ciliated_non_amphid_neuron
1729,13.785010140916,umap,Ciliated_non_amphid_neuron
1730,2.211763680557004,umap,Ciliated_non_amphid_neuron
1731,5.879263009513014,umap,Ciliated_non_amphid_neuron
1732,1.0724867423245883,umap,Ciliated_non_amphid_neuron
1733,2.3025310365012297,umap,Ciliated_non_amphid_neuron
1734,1.091329026894898,umap,Ciliated_non_amphid_neuron
1735,1.8330936478092903,umap,Ciliated_non_amphid_neuron
1736,2.067385609720229,umap,Ciliated_non_amphid_neuron
1737,15.278826569220074,umap,Ciliated_non_amphid_neuron
1738,0.5960375154336948,umap,Ciliated_non_amphid_neuron
1739,2.963957700785675,umap,Ciliated_non_amphid_neuron
1740,1.056682300605126,umap,Ciliated_non_amphid_neuron
1741,0.5893771361188795,umap,Ciliated_non_amphid_neuron
1742,2.5665394816289395,umap,Ciliated_non_amphid_neuron
1743,1.0902338627067374,umap,Ciliated_non_amphid_neuron
1744,1.4816034735722303,umap,Ciliated_non_amphid_neuron
1745,1.5298750096173193,umap,Ciliated_non_amphid_neuron
1746,0.4324199738036341,umap,Ciliated_non_amphid_neuron
1747,1.6295137112506553,umap,Ciliated_non_amphid_neuron
1748,1.2027043743045058,umap,Ciliated_non_amphid_neuron
1749,1.008616442704683,umap,Ciliated_non_amphid_neuron
1750,2.06908945140594,umap,Ciliated_non_amphid_neuron
1751,1.4765877577950917,umap,Ciliated_non_amphid_neuron
1752,1.8437384312359828,umap,Ciliated_non_amphid_neuron
1753,0.5582925240479611,umap,Ciliated_non_amphid_neuron
1754,2.9191044299005466,umap,Ciliated_non_amphid_neuron
1755,1.719470404907977,umap,Ciliated_non_amphid_neuron
1756,1.1858483456211257,umap,Ciliated_non_amphid_neuron
1757,2.439299967119013,umap,Ciliated_non_amphid_neuron
1758,0.6553303893236029,umap,Ciliated_non_amphid_neuron
1759,0.9456077261427265,umap,Ciliated_non_amphid_neuron
1760,6.250056092507757,umap,Ciliated_non_amphid_neuron
1761,2.76592588160019,umap,Ciliated_non_amphid_neuron
1762,0.7524932226663994,umap,Ciliated_non_amphid_neuron
1763,1.2640596011971856,umap,Ciliated_non_amphid_neuron
1764,1.9064341096051696,umap,Ciliated_non_amphid_neuron
1765,4.269544686180823,umap,Ciliated_non_amphid_neuron
1766,1.4309066858103614,umap,Ciliated_non_amphid_neuron
1767,7.371950529333968,umap,Ciliated_non_amphid_neuron
1768,0.8627074448514312,umap,Ciliated_non_amphid_neuron
1769,0.9680351367172555,umap,Ciliated_non_amphid_neuron
1770,0.9413508476564527,umap,Ciliated_non_amphid_neuron
1771,1.4784028798233013,umap,Ciliated_non_amphid_neuron
1772,1.6332144071263457,umap,Ciliated_non_amphid_neuron
1773,1.8083070013429818,umap,Ciliated_non_amphid_neuron
1774,2.35960888855512,umap,Ciliated_non_amphid_neuron
1775,2.022529351649177,umap,Ciliated_non_amphid_neuron
1776,1.5102890356126746,umap,Ciliated_non_amphid_neuron
1777,0.6375640503612681,umap,Ciliated_non_amphid_neuron
1778,1.728198157573971,umap,Ciliated_non_amphid_neuron
1779,,umap,Ciliated_non_amphid_neuron
1780,1.5844951055034724,umap,Ciliated_non_amphid_neuron
1781,2.578440301076219,umap,Ciliated_non_amphid_neuron
1782,1.6061937749115829,umap,Ciliated_non_amphid_neuron
1783,2.4901355983342386,umap,Ciliated_non_amphid_neuron
1784,2.1877641552660836,umap,Ciliated_non_amphid_neuron
1785,1.0679992032718892,umap,Ciliated_non_amphid_neuron
1786,1.1773815403529688,umap,Ciliated_non_amphid_neuron
1787,1.8432163779945299,umap,Ciliated_non_amphid_neuron
1788,0.7093183167066514,umap,Ciliated_non_amphid_neuron
1789,0.3210475351181918,umap,Ciliated_non_amphid_neuron
1790,0.7972822655228615,umap,Ciliated_non_amphid_neuron
1791,,umap,Ciliated_non_amphid_neuron
1792,0.3966257372954755,umap,Ciliated_non_amphid_neuron
1793,1.196221342835201,umap,Ciliated_non_amphid_neuron
1794,2.305647086772536,umap,Ciliated_non_amphid_neuron
1795,1.3982542025949916,umap,Ciliated_non_amphid_neuron
1796,1.0637721568199,umap,Ciliated_non_amphid_neuron
1797,1.0096923466618117,umap,Ciliated_non_amphid_neuron
1798,2.0023935915483997,umap,Ciliated_non_amphid_neuron
1799,1.009700766393499,umap,Ciliated_non_amphid_neuron
1800,1.2517282155744593,umap,Ciliated_non_amphid_neuron
1801,0.7553415978159711,umap,Ciliated_non_amphid_neuron
1802,0.9832466815827875,umap,Ciliated_non_amphid_neuron
1803,0.8852422472837729,umap,Ciliated_non_amphid_neuron
1804,1.4355042127525475,umap,Ciliated_non_amphid_neuron
1805,0.8682775382923668,umap,Ciliated_non_amphid_neuron
1806,3.2814763728856917,umap,Ciliated_non_amphid_neuron
1807,0.5644862246794087,umap,Ciliated_non_amphid_neuron
1808,1.7056579091223203,umap,Ciliated_non_amphid_neuron
1809,0.13768844052077417,umap,Ciliated_non_amphid_neuron
1810,1.0122919265093016,umap,Ciliated_non_amphid_neuron
1811,0.721580892390953,umap,Ciliated_non_amphid_neuron
1812,3.0216275461515654,umap,Ciliated_non_amphid_neuron
1813,2.020782766209259,umap,Ciliated_non_amphid_neuron
1814,6.464610201196392,umap,Ciliated_non_amphid_neuron
1815,0.44370156904263025,umap,Ciliated_non_amphid_neuron
1816,2.0154335691095846,umap,Ciliated_non_amphid_neuron
1817,2.5375127979570347,umap,Ciliated_non_amphid_neuron
1818,2.36499118686265,umap,Ciliated_non_amphid_neuron
1819,0.8909172815059974,umap,Ciliated_non_amphid_neuron
1820,1.518888269037217,umap,Ciliated_non_amphid_neuron
1821,1.73474376861648,umap,Ciliated_non_amphid_neuron
1822,2.129869885986871,umap,Ciliated_non_amphid_neuron
1823,1.8027911542377602,umap,Ciliated_non_amphid_neuron
1824,1.3234944625769405,umap,Ciliated_non_amphid_neuron
1825,3.200775352687345,umap,Ciliated_non_amphid_neuron
1826,4.65791639516055,umap,Ciliated_non_amphid_neuron
1827,1.3021143127209498,umap,Ciliated_non_amphid_neuron
1828,0.9720080109910889,umap,Ciliated_non_amphid_neuron
1829,2.453142873737128,umap,Ciliated_non_amphid_neuron
1830,0.6113986894715315,umap,Ciliated_non_amphid_neuron
1831,0.7675663693418346,umap,Ciliated_non_amphid_neuron
1832,1.1508534173045561,umap,Ciliated_non_amphid_neuron
1833,0.7270545440917457,umap,Ciliated_non_amphid_neuron
1834,2.326823529924874,umap,Ciliated_non_amphid_neuron
1835,0.8087263786947066,umap,Ciliated_non_amphid_neuron
1836,1.0865180002637,umap,Ciliated_non_amphid_neuron
1837,1.5658513868339723,umap,Ciliated_non_amphid_neuron
1838,0.6389841586951993,umap,Ciliated_non_amphid_neuron
1839,0.9878570617274135,umap,Ciliated_non_amphid_neuron
1840,1.4819877597370856,umap,Ciliated_non_amphid_neuron
1841,0.2743962382680181,umap,Ciliated_non_amphid_neuron
1842,0.4761669842544897,umap,Ciliated_non_amphid_neuron
1843,0.9965506973540615,umap,Ciliated_non_amphid_neuron
1844,2.247670489582087,umap,Ciliated_non_amphid_neuron
1845,2.7914153196432103,umap,Ciliated_non_amphid_neuron
1846,1.3061922589406039,umap,Ciliated_non_amphid_neuron
1847,2.190999406445704,umap,Ciliated_non_amphid_neuron
1848,2.06639553928863,umap,Ciliated_non_amphid_neuron
1849,0.6286487993537453,umap,Ciliated_non_amphid_neuron
1850,14.711186948671763,umap,Ciliated_non_amphid_neuron
1851,1.7601910892637969,umap,Ciliated_non_amphid_neuron
1852,0.6380955849765148,umap,Ciliated_non_amphid_neuron
1853,3.103162464187143,umap,Ciliated_non_amphid_neuron
1854,2.3712083981408854,umap,Ciliated_non_amphid_neuron
1855,1.648046079915752,umap,Ciliated_non_amphid_neuron
1856,2.365992432864178,umap,Ciliated_non_amphid_neuron
1857,1.5530864704383396,umap,Ciliated_non_amphid_neuron
1858,1.8465541776594436,umap,Ciliated_non_amphid_neuron
1859,2.3564549529415193,umap,Ciliated_non_amphid_neuron
1860,0.5724768266405902,umap,Ciliated_non_amphid_neuron
1861,2.553283866482902,umap,Ciliated_non_amphid_neuron
1862,4.078644043563201,umap,Ciliated_non_amphid_neuron
1863,1.7354304213906766,umap,Ciliated_non_amphid_neuron
1864,2.3103377740257836,umap,Ciliated_non_amphid_neuron
1865,2.2177120714289065,umap,Ciliated_non_amphid_neuron
1866,1.113111994842637,umap,Ciliated_non_amphid_neuron
1867,3.505351529137315,umap,Ciliated_non_amphid_neuron
1868,3.76474860380098,umap,Ciliated_non_amphid_neuron
1869,3.4995714688551516,umap,Ciliated_non_amphid_neuron
1870,1.9865057587566424,umap,Ciliated_non_amphid_neuron
1871,1.1260097041306174,umap,Ciliated_non_amphid_neuron
1872,2.4055000249244616,umap,Ciliated_non_amphid_neuron
1873,2.0266658956162655,umap,Ciliated_non_amphid_neuron
1874,1.8995100326292516,umap,Ciliated_non_amphid_neuron
1875,2.1484284463439356,umap,Ciliated_non_amphid_neuron
1876,2.0879874656143995,umap,Ciliated_non_amphid_neuron
1877,2.6054958580067304,umap,Ciliated_non_amphid_neuron
1878,1.6943524787356536,umap,Ciliated_non_amphid_neuron
1879,1.0658128791849162,umap,Ciliated_non_amphid_neuron
1880,4.000437223376461,umap,Ciliated_non_amphid_neuron
1881,2.7613779810777426,umap,Ciliated_non_amphid_neuron
1882,0.6457605819235788,umap,Ciliated_non_amphid_neuron
1883,0.6629523797029203,umap,Ciliated_non_amphid_neuron
1884,0.8092677158763654,umap,Ciliated_non_amphid_neuron
1885,2.0272836648952723,umap,Ciliated_non_amphid_neuron
1886,1.1115553445679272,umap,Ciliated_non_amphid_neuron
1887,1.4992876720148958,umap,Ciliated_non_amphid_neuron
1888,1.3726046040706843,umap,Ciliated_non_amphid_neuron
1889,1.1119311567282237,umap,Ciliated_non_amphid_neuron
1890,1.893268115814364,umap,Ciliated_non_amphid_neuron
1891,1.2192986657079339,umap,Ciliated_non_amphid_neuron
1892,2.0986248899851008,umap,Ciliated_non_amphid_neuron
1893,2.692025826127805,umap,Ciliated_non_amphid_neuron
1894,1.8882844804241639,umap,Ciliated_non_amphid_neuron
1895,1.6260517378350983,umap,Ciliated_non_amphid_neuron
1896,0.9161851704768712,umap,Ciliated_non_amphid_neuron
1897,0.986079407309463,umap,Ciliated_non_amphid_neuron
1898,1.580197559840633,umap,Ciliated_non_amphid_neuron
1899,16.355364687088198,umap,Ciliated_non_amphid_neuron
1900,1.6180211314160182,umap,Ciliated_non_amphid_neuron
1901,1.982864164578235,umap,Ciliated_non_amphid_neuron
1902,1.3342284982735773,umap,Ciliated_non_amphid_neuron
1903,1.2849298096858728,umap,Ciliated_non_amphid_neuron
1904,1.9634160253107296,umap,Ciliated_non_amphid_neuron
1905,2.9582114123592427,umap,Ciliated_non_amphid_neuron
1906,1.9375506854950837,umap,Ciliated_non_amphid_neuron
1907,1.497556932839879,umap,Ciliated_non_amphid_neuron
1908,5.294791674639079,umap,Ciliated_non_amphid_neuron
1909,2.889257431963604,umap,Ciliated_non_amphid_neuron
1910,2.7819951481825034,umap,Ciliated_non_amphid_neuron
1911,2.3234464182183263,umap,Ciliated_non_amphid_neuron
1912,0.472884951999828,umap,Ciliated_non_amphid_neuron
1913,0.4049430229208346,umap,Ciliated_non_amphid_neuron
1914,0.7388141894001607,umap,Ciliated_non_amphid_neuron
1915,2.339562216596664,umap,Ciliated_non_amphid_neuron
1916,1.9338086828733314,umap,Ciliated_non_amphid_neuron
1917,2.3480495090615676,umap,Ciliated_non_amphid_neuron
1918,1.3717024064910537,umap,Ciliated_non_amphid_neuron
1919,0.8492736922558013,umap,Ciliated_non_amphid_neuron
1920,10.613965436235228,umap,Ciliated_non_amphid_neuron
1921,1.0277654111452683,umap,Ciliated_non_amphid_neuron
1922,1.8311844924307026,umap,Ciliated_non_amphid_neuron
1923,2.3276878012211606,umap,Ciliated_non_amphid_neuron
1924,1.7119606625957364,umap,Ciliated_non_amphid_neuron
1925,1.2442188558986809,umap,Ciliated_non_amphid_neuron
1926,1.5981407904701128,umap,Ciliated_non_amphid_neuron
1927,1.1113314212335461,umap,Ciliated_non_amphid_neuron
1928,0.26617876589721534,umap,Ciliated_non_amphid_neuron
1929,5.727867565230446,umap,Ciliated_non_amphid_neuron
1930,1.6536007021231156,umap,Ciliated_non_amphid_neuron
1931,0.016986325377739517,umap,Ciliated_non_amphid_neuron
1932,0.9008070897294669,umap,Ciliated_non_amphid_neuron
1933,1.602534492669232,umap,Ciliated_non_amphid_neuron
1934,0.04536788163671863,umap,Ciliated_non_amphid_neuron
1935,2.7906787302399136,umap,Ciliated_non_amphid_neuron
1936,12.157126119650103,umap,Ciliated_non_amphid_neuron
1937,1.1691978456027645,umap,Ciliated_non_amphid_neuron
1938,4.730158243403327,umap,Ciliated_non_amphid_neuron
1939,1.6374082968816672,umap,Ciliated_non_amphid_neuron
1940,1.6215668597252244,umap,Ciliated_non_amphid_neuron
1941,9.49214348714906,umap,Ciliated_non_amphid_neuron
1942,12.054876608222195,umap,Ciliated_non_amphid_neuron
1943,2.6854919784639923,umap,Ciliated_non_amphid_neuron
1944,1.433071435195937,umap,Ciliated_non_amphid_neuron
1945,0.7609802609261763,umap,Ciliated_non_amphid_neuron
1946,1.0505852619138552,umap,Ciliated_non_amphid_neuron
1947,1.61991240010331,umap,Ciliated_non_amphid_neuron
1948,0.8055570942017454,umap,Ciliated_non_amphid_neuron
1949,12.930713986309483,umap,Ciliated_non_amphid_neuron
1950,0.3456893172769849,umap,Ciliated_non_amphid_neuron
1951,2.60418333852006,umap,Ciliated_non_amphid_neuron
1952,4.265191854332019,umap,Ciliated_non_amphid_neuron
1953,2.8195252676100684,umap,Ciliated_non_amphid_neuron
1954,5.491608976794494,umap,Ciliated_non_amphid_neuron
1955,2.5598221056963606,umap,Ciliated_non_amphid_neuron
1956,1.403108902193077,umap,Ciliated_non_amphid_neuron
1957,4.398445635006816,umap,Ciliated_non_amphid_neuron
1958,1.66073121781459,umap,Ciliated_non_amphid_neuron
1959,1.431711664426575,umap,Ciliated_non_amphid_neuron
1960,2.2863397382337958,umap,Ciliated_non_amphid_neuron
1961,16.716591718595513,umap,Ciliated_non_amphid_neuron
1962,2.264467420034041,umap,Ciliated_non_amphid_neuron
1963,3.433967391147298,umap,Ciliated_non_amphid_neuron
1964,1.1074729965291834,umap,Ciliated_non_amphid_neuron
1965,0.7424896072139319,umap,Ciliated_non_amphid_neuron
1966,16.19596212660508,umap,Ciliated_non_amphid_neuron
1967,1.2703991208266374,umap,Ciliated_non_amphid_neuron
1968,6.852764430763564,umap,Ciliated_non_amphid_neuron
1969,1.6269223173240535,umap,Ciliated_non_amphid_neuron
1970,0.9990580264117072,umap,Ciliated_non_amphid_neuron
1971,1.5705778252037648,umap,Ciliated_non_amphid_neuron
1972,2.3448812457225503,umap,Ciliated_non_amphid_neuron
1973,1.8320835871591317,umap,Ciliated_non_amphid_neuron
1974,0.8448221016784179,umap,Ciliated_non_amphid_neuron
1975,1.1324292506073133,umap,Ciliated_non_amphid_neuron
1976,2.3308507952164446,umap,Ciliated_non_amphid_neuron
1977,1.533039020925756,umap,Ciliated_non_amphid_neuron
1978,1.5026788742746953,umap,Ciliated_non_amphid_neuron
1979,1.4831071372925466,umap,Ciliated_non_amphid_neuron
1980,2.1409128486015034,umap,Ciliated_non_amphid_neuron
1981,4.534532125902632,umap,Ciliated_non_amphid_neuron
1982,1.6828478404206173,umap,Ciliated_non_amphid_neuron
1983,1.4823893421464711,umap,Ciliated_non_amphid_neuron
1984,2.221336957870739,umap,Ciliated_non_amphid_neuron
1985,1.6946923897371462,umap,Ciliated_non_amphid_neuron
1986,2.2008742670436447,umap,Ciliated_non_amphid_neuron
1987,0.20186700352617745,umap,Ciliated_non_amphid_neuron
1988,0.27990611862717985,umap,Ciliated_non_amphid_neuron
1989,0.33811317056436263,umap,Ciliated_non_amphid_neuron
1990,3.4064294783909532,umap,Ciliated_non_amphid_neuron
1991,1.3227831946461373,umap,Ciliated_non_amphid_neuron
1992,1.2261093446083189,umap,Ciliated_non_amphid_neuron
1993,2.137240888918818,umap,Ciliated_non_amphid_neuron
1994,1.6827860310938143,umap,Ciliated_non_amphid_neuron
1995,0.7671807616794536,umap,Ciliated_non_amphid_neuron
1996,1.6633045825664972,umap,Ciliated_non_amphid_neuron
1997,1.7789320417366943,umap,Ciliated_non_amphid_neuron
1998,1.4733401020476065,umap,Ciliated_non_amphid_neuron
1999,0.616736468516072,umap,Ciliated_non_amphid_neuron
2000,2.5327540300275166,umap,Seam_cell
2001,1.4943332622003138,umap,Seam_cell
2002,1.6031287752197356,umap,Seam_cell
2003,0.8475841689552343,umap,Seam_cell
2004,0.3329868533461637,umap,Seam_cell
2005,0.8164695903997881,umap,Seam_cell
2006,3.650584847941551,umap,Seam_cell
2007,0.235864539977688,umap,Seam_cell
2008,2.873223535834475,umap,Seam_cell
2009,0.9027639969850212,umap,Seam_cell
2010,2.3809998269144748,umap,Seam_cell
2011,2.5213766741996535,umap,Seam_cell
2012,1.2760586487034646,umap,Seam_cell
2013,0.8798076736409102,umap,Seam_cell
2014,1.2775587393830496,umap,Seam_cell
2015,0.7913975858939238,umap,Seam_cell
2016,2.2310575710201492,umap,Seam_cell
2017,3.140947001343276,umap,Seam_cell
2018,3.982971447305205,umap,Seam_cell
2019,0.6406442626649745,umap,Seam_cell
2020,1.7965682486472951,umap,Seam_cell
2021,3.2901380781134657,umap,Seam_cell
2022,4.64921284212628,umap,Seam_cell
2023,0.20313206670987116,umap,Seam_cell
2024,1.2551195023647692,umap,Seam_cell
2025,1.7804058944460013,umap,Seam_cell
2026,2.729830980092984,umap,Seam_cell
2027,1.018547749385569,umap,Seam_cell
2028,1.6653986830451089,umap,Seam_cell
2029,2.478522038746452,umap,Seam_cell
2030,2.9787299893600423,umap,Seam_cell
2031,2.7978654445279543,umap,Seam_cell
2032,2.4328862931363657,umap,Seam_cell
2033,0.6942989770686208,umap,Seam_cell
2034,1.430707093120198,umap,Seam_cell
2035,1.046780851686272,umap,Seam_cell
2036,1.4476072131199051,umap,Seam_cell
2037,1.2715174739622312,umap,Seam_cell
2038,3.5231497724331997,umap,Seam_cell
2039,4.420766894067558,umap,Seam_cell
2040,3.6208828844524903,umap,Seam_cell
2041,3.1654993966164358,umap,Seam_cell
2042,3.0567479854453614,umap,Seam_cell
2043,0.6709296939069802,umap,Seam_cell
2044,0.7850065033359417,umap,Seam_cell
2045,1.705269487924934,umap,Seam_cell
2046,2.8654943781829316,umap,Seam_cell
2047,2.211291956365775,umap,Seam_cell
2048,1.2522132663361312,umap,Seam_cell
2049,1.2877616804944776,umap,Seam_cell
2050,3.0721206883386447,umap,Seam_cell
2051,1.1737298130432117,umap,Seam_cell
2052,3.757646766035423,umap,Seam_cell
2053,1.1601530035615573,umap,Seam_cell
2054,6.0588749231705945,umap,Seam_cell
2055,2.566573266322565,umap,Seam_cell
2056,0.7246529633352241,umap,Seam_cell
2057,3.8674346315759798,umap,Seam_cell
2058,3.4059459486115853,umap,Seam_cell
2059,0.7922726686105305,umap,Seam_cell
2060,3.022688107524142,umap,Seam_cell
2061,2.7845331442286843,umap,Seam_cell
2062,3.579056480399349,umap,Seam_cell
2063,0.9213680848680036,umap,Seam_cell
2064,1.5443122183195948,umap,Seam_cell
2065,0.9582906113048277,umap,Seam_cell
2066,0.9726957407509461,umap,Seam_cell
2067,1.898521916733432,umap,Seam_cell
2068,0.9581240609929164,umap,Seam_cell
2069,3.998816172058284,umap,Seam_cell
2070,1.4573853848417802,umap,Seam_cell
2071,1.4643275331801984,umap,Seam_cell
2072,4.235675467393161,umap,Seam_cell
2073,0.9663735525667726,umap,Seam_cell
2074,2.1364920239640437,umap,Seam_cell
2075,0.892185058058737,umap,Seam_cell
2076,2.239493506989295,umap,Seam_cell
2077,1.4514247475545858,umap,Seam_cell
2078,2.2984496931904923,umap,Seam_cell
2079,2.56539297766651,umap,Seam_cell
2080,1.7487342489667153,umap,Seam_cell
2081,2.2523743270785284,umap,Seam_cell
2082,1.165120799966894,umap,Seam_cell
2083,1.993630364358852,umap,Seam_cell
2084,2.4327631619929386,umap,Seam_cell
2085,2.153623923473631,umap,Seam_cell
2086,3.848278903819847,umap,Seam_cell
2087,1.1142462047838155,umap,Seam_cell
2088,5.46950543933899,umap,Seam_cell
2089,1.1316823516879786,umap,Seam_cell
2090,4.132259785625346,umap,Seam_cell
2091,4.265741396139492,umap,Seam_cell
2092,0.9140894882676485,umap,Seam_cell
2093,3.203983845855771,umap,Seam_cell
2094,0.43158561748670615,umap,Seam_cell
2095,3.2756329847257426,umap,Seam_cell
2096,1.3973524352491655,umap,Seam_cell
2097,2.765271824451609,umap,Seam_cell
2098,0.9377297013802309,umap,Seam_cell
2099,3.2609345787420945,umap,Seam_cell
2100,1.2438822536998797,umap,Seam_cell
2101,2.401406650361381,umap,Seam_cell
2102,3.2220571508207736,umap,Seam_cell
2103,2.1913860728346664,umap,Seam_cell
2104,5.282097862138435,umap,Seam_cell
2105,0.9935738877929802,umap,Seam_cell
2106,1.613973035695635,umap,Seam_cell
2107,0.4954529008497578,umap,Seam_cell
2108,2.73196968062794,umap,Seam_cell
2109,5.206774306076874,umap,Seam_cell
2110,3.8995763621428177,umap,Seam_cell
2111,0.6022387717881664,umap,Seam_cell
2112,3.488802325018286,umap,Seam_cell
2113,2.8900020012203864,umap,Seam_cell
2114,1.769330246495817,umap,Seam_cell
2115,2.443943008353808,umap,Seam_cell
2116,1.7230343201892968,umap,Seam_cell
2117,1.0563072332979888,umap,Seam_cell
2118,1.1192000037225205,umap,Seam_cell
2119,2.6953124671668607,umap,Seam_cell
2120,1.3341192024866138,umap,Seam_cell
2121,1.3579326374230274,umap,Seam_cell
2122,1.5178373538265508,umap,Seam_cell
2123,0.8783227073914424,umap,Seam_cell
2124,1.2571916940351449,umap,Seam_cell
2125,3.406471321994027,umap,Seam_cell
2126,0.5857728270057228,umap,Seam_cell
2127,2.391766610259398,umap,Seam_cell
2128,1.3244939683621364,umap,Seam_cell
2129,1.200947117628988,umap,Seam_cell
2130,1.5206398603775588,umap,Seam_cell
2131,4.484929228663613,umap,Seam_cell
2132,1.008816484956306,umap,Seam_cell
2133,1.4929773219238165,umap,Seam_cell
2134,1.5748809488067774,umap,Seam_cell
2135,1.1832976924316445,umap,Seam_cell
2136,3.910102601291783,umap,Seam_cell
2137,2.719165450665,umap,Seam_cell
2138,0.7564506370671559,umap,Seam_cell
2139,1.6157910728868095,umap,Seam_cell
2140,1.1087203735117546,umap,Seam_cell
2141,0.6234918646245126,umap,Seam_cell
2142,4.171399490855679,umap,Seam_cell
2143,1.5700017141357392,umap,Seam_cell
2144,0.9097098908206707,umap,Seam_cell
2145,3.5233675585982875,umap,Seam_cell
2146,5.589372892688789,umap,Seam_cell
2147,2.0704537473758693,umap,Seam_cell
2148,0.8602829279805417,umap,Seam_cell
2149,1.0553794582069183,umap,Seam_cell
2150,1.220568801508046,umap,Seam_cell
2151,1.1321576969732257,umap,Seam_cell
2152,4.573300138468923,umap,Seam_cell
2153,1.6746922783904001,umap,Seam_cell
2154,3.363222073405027,umap,Seam_cell
2155,3.4755551314828725,umap,Seam_cell
2156,2.5706273816258185,umap,Seam_cell
2157,2.4933345280824937,umap,Seam_cell
2158,1.3653957612621703,umap,Seam_cell
2159,1.7464931789542153,umap,Seam_cell
2160,3.7590814731328974,umap,Seam_cell
2161,0.3406924474070158,umap,Seam_cell
2162,2.281595817748406,umap,Seam_cell
2163,0.9302200424126219,umap,Seam_cell
2164,2.1215548385417593,umap,Seam_cell
2165,5.32219984864116,umap,Seam_cell
2166,1.6920094253135682,umap,Seam_cell
2167,2.1548331967606216,umap,Seam_cell
2168,2.5458534204765373,umap,Seam_cell
2169,1.483027472559649,umap,Seam_cell
2170,0.6725837432121032,umap,Seam_cell
2171,4.38514867698548,umap,Seam_cell
2172,1.112989865846117,umap,Seam_cell
2173,1.2827602047021673,umap,Seam_cell
2174,4.426919588596532,umap,Seam_cell
2175,1.4217403362082977,umap,Seam_cell
2176,1.2884962822711306,umap,Seam_cell
2177,1.757278556947095,umap,Seam_cell
2178,2.7646969698145423,umap,Seam_cell
2179,4.089692539587823,umap,Seam_cell
2180,3.4517652700479564,umap,Seam_cell
2181,4.146295708707106,umap,Seam_cell
2182,3.0398672375732483,umap,Seam_cell
2183,1.1505192372764705,umap,Seam_cell
2184,0.9420545436120749,umap,Seam_cell
2185,2.125439592554465,umap,Seam_cell
2186,2.460694347751511,umap,Seam_cell
2187,2.9149376005022396,umap,Seam_cell
2188,0.9644860299510521,umap,Seam_cell
2189,3.4220627564441295,umap,Seam_cell
2190,5.30374215452506,umap,Seam_cell
2191,2.691835879064915,umap,Seam_cell
2192,0.27959814331402505,umap,Seam_cell
2193,2.362951562422198,umap,Seam_cell
2194,1.8914234996050037,umap,Seam_cell
2195,1.0608806406619689,umap,Seam_cell
2196,4.112882673067698,umap,Seam_cell
2197,1.0912767731307706,umap,Seam_cell
2198,0.9411755553736818,umap,Seam_cell
2199,0.36038536110612934,umap,Seam_cell
2200,2.64027834013188,umap,Seam_cell
2201,1.1874979516993704,umap,Seam_cell
2202,1.2299158799990018,umap,Seam_cell
2203,1.3542980486475606,umap,Seam_cell
2204,3.0016188853717143,umap,Seam_cell
2205,1.8059766500623224,umap,Seam_cell
2206,3.457893478896381,umap,Seam_cell
2207,1.4725620485974356,umap,Seam_cell
2208,5.663925053419686,umap,Seam_cell
2209,0.6311408808380791,umap,Seam_cell
2210,1.7976426358543809,umap,Seam_cell
2211,1.6639751336857704,umap,Seam_cell
2212,2.80199188020403,umap,Seam_cell
2213,1.6171050528809956,umap,Seam_cell
2214,6.224440667325635,umap,Seam_cell
2215,4.120298083072363,umap,Seam_cell
2216,1.4726515859589613,umap,Seam_cell
2217,0.8387878076725829,umap,Seam_cell
2218,5.080153967551957,umap,Seam_cell
2219,0.8795078739480857,umap,Seam_cell
2220,1.6933385158801504,umap,Seam_cell
2221,0.7340085397369333,umap,Seam_cell
2222,0.9043718451962793,umap,Seam_cell
2223,0.5797702948582745,umap,Seam_cell
2224,1.1409214086025559,umap,Seam_cell
2225,1.0140448539728217,umap,Seam_cell
2226,0.9548061059087779,umap,Seam_cell
2227,3.6101752841419725,umap,Seam_cell
2228,0.9517492065805441,umap,Seam_cell
2229,1.8108823900312905,umap,Seam_cell
2230,7.232132011715014,umap,Seam_cell
2231,0.6611224452626846,umap,Seam_cell
2232,2.9340074917088304,umap,Seam_cell
2233,1.359728785746048,umap,Seam_cell
2234,2.2957120369366764,umap,Seam_cell
2235,1.5938339840518527,umap,Seam_cell
2236,1.8023504349103443,umap,Seam_cell
2237,0.6510819886570993,umap,Seam_cell
2238,3.3314942320272793,umap,Seam_cell
2239,2.3022028659327667,umap,Seam_cell
2240,1.0095074172349885,umap,Seam_cell
2241,2.860929024916871,umap,Seam_cell
2242,2.9968880348047806,umap,Seam_cell
2243,0.47379825164880385,umap,Seam_cell
2244,3.882735604100904,umap,Seam_cell
2245,0.6531513219409399,umap,Seam_cell
2246,0.48454361718560734,umap,Seam_cell
2247,0.841787852117399,umap,Seam_cell
2248,0.9460342260433481,umap,Seam_cell
2249,0.9329031598483863,umap,Seam_cell
2250,1.760442750441188,umap,Seam_cell
2251,4.466343402650242,umap,Seam_cell
2252,3.2268012663186454,umap,Seam_cell
2253,3.0538793370738038,umap,Seam_cell
2254,2.027009095679639,umap,Seam_cell
2255,1.6492442967744034,umap,Seam_cell
2256,1.3078519452649002,umap,Seam_cell
2257,0.5939151144011264,umap,Seam_cell
2258,1.1384272666596111,umap,Seam_cell
2259,1.4221548144880467,umap,Seam_cell
2260,7.422365691481567,umap,Seam_cell
2261,3.9782484339218005,umap,Seam_cell
2262,4.36219149408989,umap,Seam_cell
2263,0.747391002417525,umap,Seam_cell
2264,1.3559842013610683,umap,Seam_cell
2265,1.5812287685142101,umap,Seam_cell
2266,3.858084147879561,umap,Seam_cell
2267,3.8637205750261927,umap,Seam_cell
2268,2.523128839172526,umap,Seam_cell
2269,2.81009319683185,umap,Seam_cell
2270,1.5955740591757042,umap,Seam_cell
2271,2.915932065664226,umap,Seam_cell
2272,0.412976903682079,umap,Seam_cell
2273,1.6920708065011838,umap,Seam_cell
2274,2.520013331229189,umap,Seam_cell
2275,3.34243351457085,umap,Seam_cell
2276,1.5534821319481673,umap,Seam_cell
2277,2.9274044349774253,umap,Seam_cell
2278,0.5439118646992082,umap,Seam_cell
2279,2.541229128705398,umap,Seam_cell
2280,1.6878230434504409,umap,Seam_cell
2281,2.6239309430733835,umap,Seam_cell
2282,2.6914730189854974,umap,Seam_cell
2283,3.4320423036254444,umap,Seam_cell
2284,0.8059543892935248,umap,Seam_cell
2285,0.9283053067588174,umap,Seam_cell
2286,2.6139683427692697,umap,Seam_cell
2287,1.526725415099314,umap,Seam_cell
2288,3.828382757818611,umap,Seam_cell
2289,1.1351292734144305,umap,Seam_cell
2290,0.47313540969733764,umap,Seam_cell
2291,1.3799205222761002,umap,Seam_cell
2292,0.92878788347688,umap,Seam_cell
2293,0.9436669887066245,umap,Seam_cell
2294,0.8196073314175526,umap,Seam_cell
2295,2.394767787715751,umap,Seam_cell
2296,2.5305919350240225,umap,Seam_cell
2297,3.599028048373443,umap,Seam_cell
2298,0.5897518146047,umap,Seam_cell
2299,3.5206134983473336,umap,Seam_cell
2300,1.3762557936030118,umap,Seam_cell
2301,3.7204120046945275,umap,Seam_cell
2302,4.09940494688897,umap,Seam_cell
2303,1.1671227137448195,umap,Seam_cell
2304,2.3276099108475563,umap,Seam_cell
2305,6.420915757136352,umap,Seam_cell
2306,2.311165492195777,umap,Seam_cell
2307,1.7409557743355875,umap,Seam_cell
2308,1.129619801269257,umap,Seam_cell
2309,1.7052193415424683,umap,Seam_cell
2310,0.9816750641867628,umap,Seam_cell
2311,1.6034163157220407,umap,Seam_cell
2312,1.3457479603388645,umap,Seam_cell
2313,1.0356744959498925,umap,Seam_cell
2314,1.1097569625003805,umap,Seam_cell
2315,3.939028954293282,umap,Seam_cell
2316,4.560098858252063,umap,Seam_cell
2317,3.561282789742334,umap,Seam_cell
2318,3.94936328881082,umap,Seam_cell
2319,0.8788608094314281,umap,Seam_cell
2320,3.006124434098752,umap,Seam_cell
2321,3.6264409036066914,umap,Seam_cell
2322,0.8779311473681574,umap,Seam_cell
2323,2.490450605464323,umap,Seam_cell
2324,1.0448532044876808,umap,Seam_cell
2325,0.5000563890981315,umap,Seam_cell
2326,1.5449510372852082,umap,Seam_cell
2327,0.7545832417936996,umap,Seam_cell
2328,3.819850785461051,umap,Seam_cell
2329,2.5945508726578885,umap,Seam_cell
2330,1.280932646088294,umap,Seam_cell
2331,0.7240964277154817,umap,Seam_cell
2332,2.4615603454193953,umap,Seam_cell
2333,2.97309656468019,umap,Seam_cell
2334,1.5020210592276504,umap,Seam_cell
2335,1.3873654631109376,umap,Seam_cell
2336,2.076528329146728,umap,Seam_cell
2337,2.5204228365904453,umap,Seam_cell
2338,2.801100253375313,umap,Seam_cell
2339,2.02698124708329,umap,Seam_cell
2340,2.059256953447382,umap,Seam_cell
2341,1.0190359006033232,umap,Seam_cell
2342,4.115522614671824,umap,Seam_cell
2343,3.783922434500269,umap,Seam_cell
2344,1.3144436344453099,umap,Seam_cell
2345,0.6533582112344616,umap,Seam_cell
2346,4.542001810400646,umap,Seam_cell
2347,3.086620314724611,umap,Seam_cell
2348,2.329223182922863,umap,Seam_cell
2349,1.3820526198889445,umap,Seam_cell
2350,2.410471748713037,umap,Seam_cell
2351,5.579849635672865,umap,Seam_cell
2352,1.2278642557662849,umap,Seam_cell
2353,1.7494165195372897,umap,Seam_cell
2354,3.654860365828504,umap,Seam_cell
2355,3.6633414605482364,umap,Seam_cell
2356,4.389878466256897,umap,Seam_cell
2357,2.6640627405352255,umap,Seam_cell
2358,2.2964285792817862,umap,Seam_cell
2359,3.7547268696362743,umap,Seam_cell
2360,1.297012562444646,umap,Seam_cell
2361,6.555855571260051,umap,Seam_cell
2362,0.45712573750782715,umap,Seam_cell
2363,1.894532239075689,umap,Seam_cell
2364,4.4975170482391835,umap,Seam_cell
2365,1.2425353697705754,umap,Seam_cell
2366,0.7367864014093897,umap,Seam_cell
2367,1.9394010827982553,umap,Seam_cell
2368,4.914754289727286,umap,Seam_cell
2369,1.0215896404146536,umap,Seam_cell
2370,1.0968372218263498,umap,Seam_cell
2371,0.6158948241385003,umap,Seam_cell
2372,1.5280850248813773,umap,Seam_cell
2373,2.3506516051403468,umap,Seam_cell
2374,2.4009856827075784,umap,Seam_cell
2375,0.6031248811126032,umap,Seam_cell
2376,1.4281309224732794,umap,Seam_cell
2377,1.1295378059579566,umap,Seam_cell
2378,4.23395551420952,umap,Seam_cell
2379,2.9052183563506278,umap,Seam_cell
2380,0.9088800028591388,umap,Seam_cell
2381,3.661156079308545,umap,Seam_cell
2382,0.5917387115488054,umap,Seam_cell
2383,4.413477940247056,umap,Seam_cell
2384,5.631285032570391,umap,Seam_cell
2385,2.709846752729634,umap,Seam_cell
2386,0.8892311731002552,umap,Seam_cell
2387,5.289390938171683,umap,Seam_cell
2388,1.1116479781261952,umap,Seam_cell
2389,1.354781491944417,umap,Seam_cell
2390,2.547497331205003,umap,Seam_cell
2391,2.3936292438526405,umap,Seam_cell
2392,1.3252142241894933,umap,Seam_cell
2393,3.6252639636215394,umap,Seam_cell
2394,4.783918000775974,umap,Seam_cell
2395,0.9310724628007349,umap,Seam_cell
2396,5.04321765942882,umap,Seam_cell
2397,1.166374078562508,umap,Seam_cell
2398,3.3708545023492773,umap,Seam_cell
2399,1.6578871826505421,umap,Seam_cell
2400,7.133852186459535,umap,Seam_cell
2401,1.0311028583966695,umap,Seam_cell
2402,1.6428444549812429,umap,Seam_cell
2403,1.0356928161152965,umap,Seam_cell
2404,5.987290590961428,umap,Seam_cell
2405,3.6810089338108067,umap,Seam_cell
2406,2.299104631820103,umap,Seam_cell
2407,0.793936643770111,umap,Seam_cell
2408,3.013640572444049,umap,Seam_cell
2409,0.5357328959311422,umap,Seam_cell
2410,3.986405149731815,umap,Seam_cell
2411,3.9795593508681333,umap,Seam_cell
2412,2.657228652610454,umap,Seam_cell
2413,1.085041231065577,umap,Seam_cell
2414,4.1361783263773315,umap,Seam_cell
2415,1.9595568218449424,umap,Seam_cell
2416,3.246896833881404,umap,Seam_cell
2417,1.3550916005393119,umap,Seam_cell
2418,0.6249763331076676,umap,Seam_cell
2419,3.129540770418127,umap,Seam_cell
2420,6.208672903606716,umap,Seam_cell
2421,2.4242109594503374,umap,Seam_cell
2422,1.4226186285908289,umap,Seam_cell
2423,4.114694701487487,umap,Seam_cell
2424,0.7848812405950536,umap,Seam_cell
2425,3.6262977282384155,umap,Seam_cell
2426,3.1987636419464556,umap,Seam_cell
2427,6.416847215307415,umap,Seam_cell
2428,3.7334658238386935,umap,Seam_cell
2429,2.8141351878392302,umap,Seam_cell
2430,4.973551088639951,umap,Seam_cell
2431,3.2894639193759283,umap,Seam_cell
2432,1.8806994062839864,umap,Seam_cell
2433,4.078388893685464,umap,Seam_cell
2434,2.263300716625033,umap,Seam_cell
2435,3.389555011166862,umap,Seam_cell
2436,2.7282300636628625,umap,Seam_cell
2437,4.385957875005874,umap,Seam_cell
2438,3.392215152087523,umap,Seam_cell
2439,3.0851261965571317,umap,Seam_cell
2440,4.273784308995937,umap,Seam_cell
2441,4.20225922847169,umap,Seam_cell
2442,1.3189466630222932,umap,Seam_cell
2443,1.7244133902044239,umap,Seam_cell
2444,2.4238729395037,umap,Seam_cell
2445,1.4179618642217637,umap,Seam_cell
2446,2.3878958552368887,umap,Seam_cell
2447,1.4914628691216978,umap,Seam_cell
2448,0.49599698280230203,umap,Seam_cell
2449,2.6277242502242175,umap,Seam_cell
2450,1.7273495972974255,umap,Seam_cell
2451,4.29538295559412,umap,Seam_cell
2452,5.911599608883672,umap,Seam_cell
2453,1.1834028149452136,umap,Seam_cell
2454,4.249071530812965,umap,Seam_cell
2455,6.672014868591223,umap,Seam_cell
2456,2.921567845067646,umap,Seam_cell
2457,2.386305302642498,umap,Seam_cell
2458,6.23033662946033,umap,Seam_cell
2459,1.7839766069394907,umap,Seam_cell
2460,0.9648041244232186,umap,Seam_cell
2461,1.9243342419866931,umap,Seam_cell
2462,0.8881945411160732,umap,Seam_cell
2463,3.0062682162250614,umap,Seam_cell
2464,1.9733043436458564,umap,Seam_cell
2465,1.0480847830577413,umap,Seam_cell
2466,2.4920462901313223,umap,Seam_cell
2467,2.739456328187412,umap,Seam_cell
2468,1.6324288970033936,umap,Seam_cell
2469,2.263323761465328,umap,Seam_cell
2470,1.6546052929982467,umap,Seam_cell
2471,1.4260592081882213,umap,Seam_cell
2472,3.3259970506533647,umap,Seam_cell
2473,0.9862587932151322,umap,Seam_cell
2474,0.9824319977947648,umap,Seam_cell
2475,7.688371795950337,umap,Seam_cell
2476,1.3194930307487414,umap,Seam_cell
2477,1.7696434595547745,umap,Seam_cell
2478,0.29311541932903246,umap,Seam_cell
2479,7.142458493593108,umap,Seam_cell
2480,1.0203938694587202,umap,Seam_cell
2481,3.106988744075146,umap,Seam_cell
2482,5.881785253466148,umap,Seam_cell
2483,3.4690234199922614,umap,Seam_cell
2484,6.2316498420958695,umap,Seam_cell
2485,3.5431807257356684,umap,Seam_cell
2486,4.079928249174124,umap,Seam_cell
2487,3.6632672949515572,umap,Seam_cell
2488,4.642069185714719,umap,Seam_cell
2489,0.7797865706096003,umap,Seam_cell
2490,2.718926263832541,umap,Seam_cell
2491,2.3249286250649557,umap,Seam_cell
2492,1.9709711833537615,umap,Seam_cell
2493,0.760372961760777,umap,Seam_cell
2494,1.6856212471718055,umap,Seam_cell
2495,4.258457087437711,umap,Seam_cell
2496,3.186964055995407,umap,Seam_cell
2497,3.248990145173184,umap,Seam_cell
2498,1.6944845706751914,umap,Seam_cell
2499,3.0563630469752185,umap,Seam_cell
0,1.7022269713105365,densmap,
1,0.5411623315578343,densmap,
2,0.8389842189837345,densmap,
3,0.8840986139681057,densmap,
4,0.607772244285331,densmap,
5,2.182411708259237,densmap,
6,0.09874584258992955,densmap,
7,0.7289381966226175,densmap,
8,0.5773584223292937,densmap,
9,1.991832540465471,densmap,
10,0.9467436954476592,densmap,
11,2.247002893484342,densmap,
12,0.5465428018967557,densmap,
13,1.0296409036708776,densmap,
14,0.8114617967387243,densmap,
15,0.7513288139068298,densmap,
16,0.04137870562719836,densmap,
17,0.8189187156189162,densmap,
18,1.2372295641405064,densmap,
19,1.276261694452143,densmap,
20,0.23600062038799036,densmap,
21,0.4571038677106883,densmap,
22,0.4893231105301438,densmap,
23,0.17007105167888484,densmap,
24,0.10436900841853407,densmap,
25,2.7195759019294665,densmap,
26,0.8070000840608398,densmap,
27,0.5345321575579899,densmap,
28,0.18192800119084412,densmap,
29,0.8197743060376935,densmap,
30,0.721235847286952,densmap,
31,0.3650228412174815,densmap,
32,0.9675212484372008,densmap,
33,2.5290651253653835,densmap,
34,3.4031237051586127,densmap,
35,2.937634273213258,densmap,
36,2.572739990228516,densmap,
37,0.74946721896956,densmap,
38,3.883209605170375,densmap,
39,0.5493599174379757,densmap,
40,0.792283432477612,densmap,
41,0.3760569212309677,densmap,
42,0.4872916748920726,densmap,
43,2.6388451251933387,densmap,
44,1.907288579089295,densmap,
45,0.47993299209903234,densmap,
46,0.232544911417724,densmap,
47,0.33642328521530696,densmap,
48,0.13044507372860406,densmap,
49,0.2348414313748287,densmap,
50,1.667866096771632,densmap,
51,2.354186740169338,densmap,
52,0.640628768307954,densmap,
53,0.8001608800360207,densmap,
54,0.9547283678898969,densmap,
55,1.9560035591722993,densmap,
56,0.4237748387857414,densmap,
57,0.7995036225284761,densmap,
58,0.7827742816889135,densmap,
59,0.6983196359699009,densmap,
60,2.028823591647965,densmap,
61,0.11340063784070997,densmap,
62,0.6669949572519978,densmap,
63,1.1069967531255431,densmap,
64,1.2297541992868701,densmap,
65,2.5587302431850865,densmap,
66,1.1271768904460704,densmap,
67,1.7715663221935611,densmap,
68,0.49342904053639197,densmap,
69,2.7549344358130154,densmap,
70,1.5356369545305393,densmap,
71,3.1418547805116783,densmap,
72,0.42315840190904525,densmap,
73,1.1828992299339325,densmap,
74,0.35853315495979776,densmap,
75,0.6616182634171405,densmap,
76,0.2819892685089726,densmap,
77,2.4518224445895345,densmap,
78,0.6972044609033203,densmap,
79,0.2585957415534099,densmap,
80,3.166514606566887,densmap,
81,0.4459408292612123,densmap,
82,0.5467564159472481,densmap,
83,1.2285493804475864,densmap,
84,0.4045299065421818,densmap,
85,0.834915899656884,densmap,
86,2.8754868155428746,densmap,
87,0.9594602389962006,densmap,
88,0.7437237100220022,densmap,
89,0.5083551476812712,densmap,
90,0.8049326269033678,densmap,
91,0.7243622139702459,densmap,
92,0.3411099631624071,densmap,
93,0.6570614921882626,densmap,
94,1.1401846318482884,densmap,
95,2.1701149722949604,densmap,
96,1.5297051970787163,densmap,
97,0.4553847199304169,densmap,
98,0.772409579710356,densmap,
99,0.680985805142478,densmap,
100,0.8455245807495834,densmap,
101,0.091925463614252,densmap,
102,0.391560423243855,densmap,
103,2.597145463523828,densmap,
104,1.3049364641321781,densmap,
105,0.40381482598395535,densmap,
106,0.9988935264663995,densmap,
107,0.26513996694771375,densmap,
108,3.23488572084999,densmap,
109,1.411044553211399,densmap,
110,0.3802387095609451,densmap,
111,0.3990228308094768,densmap,
112,2.8368142730188093,densmap,
113,0.3262433781685192,densmap,
114,0.3159579231584358,densmap,
115,0.6254555141283564,densmap,
116,0.48541149179572546,densmap,
117,0.4927426838149402,densmap,
118,0.9132328698722286,densmap,
119,0.6752161479303095,densmap,
120,5.354139140302384,densmap,
121,0.7589987280387609,densmap,
122,1.2483612865423865,densmap,
123,0.9737775613899436,densmap,
124,0.669994925262971,densmap,
125,3.018640354678493,densmap,
126,0.6993859607846484,densmap,
127,0.3187558952238576,densmap,
128,0.6386757365332577,densmap,
129,1.2471866211741254,densmap,
130,0.19631517431426326,densmap,
131,0.1868572279048376,densmap,
132,0.5346369584073347,densmap,
133,1.1403638999266992,densmap,
134,0.11705927978185895,densmap,
135,0.8704847250497738,densmap,
136,1.6721951732898022,densmap,
137,0.8403662489391556,densmap,
138,0.3115941988965498,densmap,
139,3.470550846501893,densmap,
140,1.3839047491123182,densmap,
141,0.32821341503633594,densmap,
142,0.9361379711119154,densmap,
143,3.7395998383261038,densmap,
144,1.888660589108347,densmap,
145,0.4992105436507671,densmap,
146,1.3421968921138265,densmap,
147,0.6798457339933263,densmap,
148,0.6429566775309395,densmap,
149,0.8452055482798794,densmap,
150,0.9797588692204894,densmap,
151,0.5462952474085075,densmap,
152,0.5346970743366567,densmap,
153,2.5483102095474557,densmap,
154,0.3989549653116464,densmap,
155,0.23295272923881424,densmap,
156,1.531985221579303,densmap,
157,0.24338574798080853,densmap,
158,0.06640768168392347,densmap,
159,0.9034008179681138,densmap,
160,1.1623320809853046,densmap,
161,1.0214360188134683,densmap,
162,0.2084560004124085,densmap,
163,1.0726408533238092,densmap,
164,0.4298834620645586,densmap,
165,0.5674562654887524,densmap,
166,0.718772213922056,densmap,
167,0.18943989411988532,densmap,
168,2.5648504521042703,densmap,
169,0.7581526106173775,densmap,
170,0.7550183874862066,densmap,
171,0.5939468419493957,densmap,
172,0.29451510161663713,densmap,
173,0.312362323354784,densmap,
174,0.7345335729256993,densmap,
175,0.4304777348437524,densmap,
176,2.0422686112246247,densmap,
177,1.2991476063271368,densmap,
178,0.8677281208358582,densmap,
179,0.9613557374611182,densmap,
180,2.240851025615357,densmap,
181,1.0794890972607982,densmap,
182,1.6284310934732547,densmap,
183,0.5264503763276503,densmap,
184,0.10054828799106642,densmap,
185,1.2623950897921883,densmap,
186,0.4773622959984193,densmap,
187,0.9953748220473855,densmap,
188,1.0943611615383264,densmap,
189,0.8958209974857858,densmap,
190,1.0446921623310244,densmap,
191,1.7257854006889441,densmap,
192,0.29471348920046764,densmap,
193,2.083408585153216,densmap,
194,0.7126646180349465,densmap,
195,0.3476639559572834,densmap,
196,2.331121044331982,densmap,
197,1.1822701102500384,densmap,
198,0.6072844558502644,densmap,
199,1.9743494611213552,densmap,
200,0.21863649221738612,densmap,
201,0.7364359678759758,densmap,
202,1.3962556051194566,densmap,
203,2.1742936795950514,densmap,
204,0.43671775988351974,densmap,
205,1.0965970761627897,densmap,
206,2.8420460340147633,densmap,
207,0.6470787581201051,densmap,
208,2.7330080638913645,densmap,
209,0.7003577512943902,densmap,
210,0.7546101927243883,densmap,
211,0.769997453231645,densmap,
212,2.0501061873083417,densmap,
213,0.330423495680794,densmap,
214,1.539476882378989,densmap,
215,1.8237988097240274,densmap,
216,0.6331597216728143,densmap,
217,0.29786007881602783,densmap,
218,0.4948425093767575,densmap,
219,0.34694714065275084,densmap,
220,0.8323202951672559,densmap,
221,1.479507890165812,densmap,
222,0.43708494101556583,densmap,
223,0.3375084762701421,densmap,
224,3.5170443060910066,densmap,
225,0.3964407806609416,densmap,
226,0.9351536134066856,densmap,
227,1.0208239947524957,densmap,
228,1.4247571134253953,densmap,
229,0.4917118085982172,densmap,
230,0.7505163024917785,densmap,
231,0.9937100594993135,densmap,
232,2.2835273516629697,densmap,
233,0.26247715291549933,densmap,
234,1.6051477774481115,densmap,
235,0.427500817152019,densmap,
236,0.4989906702064294,densmap,
237,1.612154055075049,densmap,
238,1.8115478270643568,densmap,
239,0.41245344890829755,densmap,
240,2.926565844237332,densmap,
241,0.47041822068976646,densmap,
242,0.317918022121032,densmap,
243,0.3575826673767337,densmap,
244,2.220344617384066,densmap,
245,0.48888248579368093,densmap,
246,2.030043878926284,densmap,
247,1.349140876719412,densmap,
248,0.6532688541603227,densmap,
249,2.8319132066774637,densmap,
250,1.854147458172155,densmap,
251,0.3641157139562796,densmap,
252,1.88154714452681,densmap,
253,1.3746349826319535,densmap,
254,0.5445613967394912,densmap,
255,0.06974658534862543,densmap,
256,0.49572288365066225,densmap,
257,2.2626545788101082,densmap,
258,2.157268848743883,densmap,
259,0.30195455152627343,densmap,
260,0.3795566595985835,densmap,
261,0.8158307425077816,densmap,
262,1.4743088711727426,densmap,
263,1.6537869028897882,densmap,
264,2.2053542457393074,densmap,
265,2.4562223751116536,densmap,
266,0.5483691234530328,densmap,
267,2.8545278575988084,densmap,
268,0.4565471250276218,densmap,
269,2.8606833171643866,densmap,
270,0.23925894662912223,densmap,
271,0.9960177212448527,densmap,
272,0.366868649719747,densmap,
273,0.9086434591875666,densmap,
274,2.034609732482255,densmap,
275,1.18258443413971,densmap,
276,0.9552559325840576,densmap,
277,1.1471546863493167,densmap,
278,0.9553390694050595,densmap,
279,2.8931975360859914,densmap,
280,1.2805312922930818,densmap,
281,0.329668240188656,densmap,
282,3.3721565814634014,densmap,
283,2.805012401244491,densmap,
284,2.81147948114285,densmap,
285,0.7964197231871633,densmap,
286,1.861917752999191,densmap,
287,1.265497782814686,densmap,
288,0.9118323988160484,densmap,
289,0.6899901648943221,densmap,
290,0.7586592922787563,densmap,
291,2.108352429779376,densmap,
292,0.17499506485225794,densmap,
293,0.5339389095192176,densmap,
294,0.9513566512427574,densmap,
295,2.7946860360277705,densmap,
296,1.7765490011082863,densmap,
297,0.35988771480070947,densmap,
298,1.2266767297981862,densmap,
299,0.2877735716923167,densmap,
300,1.1820312456080468,densmap,
301,3.153721051363948,densmap,
302,0.5415917906472146,densmap,
303,3.028284253736981,densmap,
304,3.4143445689269583,densmap,
305,0.8029058572939313,densmap,
306,2.0404814066054704,densmap,
307,0.5794354021205528,densmap,
308,0.6089642320831608,densmap,
309,0.30559808855829085,densmap,
310,0.8550865266517226,densmap,
311,0.682717787388228,densmap,
312,1.9788155167172952,densmap,
313,0.7903171672192703,densmap,
314,0.9952231636143856,densmap,
315,2.813473285111637,densmap,
316,0.7376865736015913,densmap,
317,0.5651709617285932,densmap,
318,1.020072167697466,densmap,
319,1.971480163507518,densmap,
320,0.9111580723291356,densmap,
321,0.9615035739677847,densmap,
322,0.5966745943906678,densmap,
323,2.1177176542618232,densmap,
324,0.2564176164006422,densmap,
325,2.320383567828124,densmap,
326,0.48024345950658975,densmap,
327,1.7005779548786852,densmap,
328,0.3951066183931766,densmap,
329,1.0828317618889132,densmap,
330,1.331322294349288,densmap,
331,0.34854754711384983,densmap,
332,1.8811598774130618,densmap,
333,0.8227207084688297,densmap,
334,0.15939146741843946,densmap,
335,1.3194083108042616,densmap,
336,1.0639791813616104,densmap,
337,0.41352866899577434,densmap,
338,0.49538341900100974,densmap,
339,1.4798304127744444,densmap,
340,0.6854197479168306,densmap,
341,0.3345638227476349,densmap,
342,0.21969456872530954,densmap,
343,3.152209899848675,densmap,
344,0.5408131084609209,densmap,
345,0.778823951660672,densmap,
346,1.0368029707987967,densmap,
347,1.3339064929356648,densmap,
348,1.7874780194454074,densmap,
349,0.9920623247318522,densmap,
350,3.361657031213133,densmap,
351,0.38938975738618564,densmap,
352,0.8877041116236362,densmap,
353,1.7815176312155703,densmap,
354,0.8184581608527198,densmap,
355,0.8710509782885739,densmap,
356,0.418574565272429,densmap,
357,2.1443107091778746,densmap,
358,1.6591082395814278,densmap,
359,1.658117098062327,densmap,
360,0.27391590108614283,densmap,
361,0.376098430687685,densmap,
362,0.6305443836137702,densmap,
363,0.36119636058880705,densmap,
364,0.9268596641194736,densmap,
365,1.832703213616216,densmap,
366,1.1502314003621634,densmap,
367,2.9631386603755296,densmap,
368,0.4367114375680675,densmap,
369,0.46557147818599454,densmap,
370,0.5071322524978152,densmap,
371,1.5568139730620643,densmap,
372,0.5598727419461309,densmap,
373,0.5595494722109451,densmap,
374,0.1440087688450525,densmap,
375,2.253720036067515,densmap,
376,0.723304066423596,densmap,
377,0.4880798067517024,densmap,
378,0.12084420467419518,densmap,
379,0.6547563127217306,densmap,
380,0.30160844677087517,densmap,
381,1.2141840497686274,densmap,
382,2.275367494485026,densmap,
383,1.2521687284116962,densmap,
384,0.3040961901129296,densmap,
385,0.67135545606599,densmap,
386,0.5252229821045687,densmap,
387,1.7189551375639138,densmap,
388,1.639610098803714,densmap,
389,0.1507667844565895,densmap,
390,1.095061206297136,densmap,
391,2.1878529334161527,densmap,
392,0.4324760095116804,densmap,
393,1.9948641123059365,densmap,
394,0.5005350919790214,densmap,
395,0.44372668472367394,densmap,
396,0.25215538713062996,densmap,
397,0.9157504879924607,densmap,
398,2.1074346182167174,densmap,
399,0.28035009057452,densmap,
400,1.1055760252611457,densmap,
401,0.348006715237328,densmap,
402,0.3859501466820595,densmap,
403,0.46026427902191064,densmap,
404,0.6954493303954374,densmap,
405,0.9014812803230597,densmap,
406,0.14685715528583676,densmap,
407,2.238151793179877,densmap,
408,0.7351931601515892,densmap,
409,2.2984928254322137,densmap,
410,2.8002821085458947,densmap,
411,0.2804417542301753,densmap,
412,1.3823703185453622,densmap,
413,1.3209336477296874,densmap,
414,0.363105555838866,densmap,
415,0.35530699735601606,densmap,
416,0.38587097051229396,densmap,
417,1.1775222023789187,densmap,
418,2.62295621242196,densmap,
419,1.0524099636736453,densmap,
420,0.48130498901393143,densmap,
421,0.37959797657590266,densmap,
422,0.7271017354497775,densmap,
423,0.32992801206000677,densmap,
424,0.24050714756719793,densmap,
425,1.7992633336271397,densmap,
426,0.5783525025693108,densmap,
427,0.42389070243473664,densmap,
428,0.6215099066264882,densmap,
429,0.17367121377585332,densmap,
430,0.8454403915629904,densmap,
431,0.5695974884648461,densmap,
432,0.12122045407516908,densmap,
433,2.007282293727361,densmap,
434,2.3738387204637155,densmap,
435,1.819597890452408,densmap,
436,0.30097115944737474,densmap,
437,0.6709755042552883,densmap,
438,2.4245595578913175,densmap,
439,1.4727090422818436,densmap,
440,2.147169093409796,densmap,
441,0.18406002860133272,densmap,
442,1.8561292785819095,densmap,
443,0.759694961517641,densmap,
444,0.40928492170698483,densmap,
445,0.8152045882073093,densmap,
446,0.7998273845947079,densmap,
447,0.1713459753103845,densmap,
448,0.8076038447584064,densmap,
449,0.7712669502960361,densmap,
450,1.9755085055855657,densmap,
451,1.501080883576274,densmap,
452,1.1276779864418816,densmap,
453,0.3351704769671675,densmap,
454,2.0853364888311714,densmap,
455,1.0633402561790917,densmap,
456,0.8917069242601602,densmap,
457,0.21100589189774102,densmap,
458,0.3924587745823302,densmap,
459,2.91579275423568,densmap,
460,0.05548546726005418,densmap,
461,0.2086326036548484,densmap,
462,0.40866187344203636,densmap,
463,1.2543621182014195,densmap,
464,0.6474853527286244,densmap,
465,0.29771635358248183,densmap,
466,0.5280886691199992,densmap,
467,1.0735563295573802,densmap,
468,0.2134901188835511,densmap,
469,0.7112285139060442,densmap,
470,2.187245989676146,densmap,
471,0.7264384813686908,densmap,
472,2.1133255563012967,densmap,
473,0.26782837672798643,densmap,
474,0.24935687514994145,densmap,
475,0.6218822586190057,densmap,
476,0.970707146185426,densmap,
477,1.006779957459711,densmap,
478,0.6706945057858563,densmap,
479,0.5433085464726247,densmap,
480,3.099124941311947,densmap,
481,1.5510738492734264,densmap,
482,0.38780696765237427,densmap,
483,0.5291347879800956,densmap,
484,0.4726651291787902,densmap,
485,2.2720781505048597,densmap,
486,1.9688717422794104,densmap,
487,2.077128321407139,densmap,
488,1.0874053518996805,densmap,
489,0.8804892962816048,densmap,
490,1.7400533508776683,densmap,
491,3.1072952307751023,densmap,
492,0.3302146878942131,densmap,
493,2.020490233119362,densmap,
494,0.4467420556412189,densmap,
495,0.48933508090226124,densmap,
496,2.229156172780329,densmap,
497,0.4348641749861185,densmap,
498,0.46688446841328357,densmap,
499,1.9956221707643622,densmap,
500,0.5666662214451815,densmap,
501,0.7152156462333221,densmap,
502,1.3581234560075772,densmap,
503,0.6722699320761049,densmap,
504,1.690556703982353,densmap,
505,0.6462028119628335,densmap,
506,1.0464062113610315,densmap,
507,1.8489823923788429,densmap,
508,1.5167438067437102,densmap,
509,1.4605945507004618,densmap,
510,2.146542408167768,densmap,
511,1.4610662134410268,densmap,
512,1.6020158241581293,densmap,
513,1.4472812449963917,densmap,
514,2.6083511172683203,densmap,
515,1.7227169576754644,densmap,
516,1.7989131736839317,densmap,
517,1.4971319982028366,densmap,
518,4.3729037692866815,densmap,
519,0.711135165397189,densmap,
520,1.5673830425003568,densmap,
521,0.7785728260373882,densmap,
522,0.8284049580289721,densmap,
523,0.41861457175069694,densmap,
524,1.3062126537315442,densmap,
525,0.3440555641719164,densmap,
526,0.9227981907796325,densmap,
527,1.507870211570946,densmap,
528,2.3901657734247395,densmap,
529,0.9072223363186911,densmap,
530,0.8272153019266273,densmap,
531,1.1509789790983027,densmap,
532,0.7712669326488761,densmap,
533,2.7238018155194963,densmap,
534,0.8432209902526213,densmap,
535,7.366855736555147,densmap,
536,0.9411384488177381,densmap,
537,5.298851518938788,densmap,
538,1.3234703673098134,densmap,
539,1.4232445436476624,densmap,
540,3.8189406704253654,densmap,
541,0.9984874881330736,densmap,
542,1.8071027949661116,densmap,
543,0.5606602941429001,densmap,
544,2.0232878641755283,densmap,
545,1.7892945346703781,densmap,
546,1.108637230197651,densmap,
547,4.394273053068144,densmap,
548,0.31808668924550126,densmap,
549,1.0858175223982733,densmap,
550,0.8147238463297626,densmap,
551,1.6451791530542936,densmap,
552,0.6189263878756737,densmap,
553,1.832190112324656,densmap,
554,2.4077455068775877,densmap,
555,1.2270235870922725,densmap,
556,0.8609426365929664,densmap,
557,0.9388470609253757,densmap,
558,2.5980553724865025,densmap,
559,0.5960339048754498,densmap,
560,2.2290742672143735,densmap,
561,0.06458200693374805,densmap,
562,0.36900791275509714,densmap,
563,0.4552149953046673,densmap,
564,1.493884559324,densmap,
565,1.6183220059036776,densmap,
566,1.0529862881059404,densmap,
567,2.159062276211793,densmap,
568,0.9876643481564157,densmap,
569,2.7427915005849095,densmap,
570,3.0042514185648974,densmap,
571,0.9599803891911728,densmap,
572,1.7305907655175536,densmap,
573,0.734025416081081,densmap,
574,2.489359303448177,densmap,
575,1.6455258588297104,densmap,
576,0.5274403162314204,densmap,
577,0.6644038414622381,densmap,
578,0.5843416073185185,densmap,
579,1.5336229545668478,densmap,
580,2.150582522234055,densmap,
581,2.0101809619833944,densmap,
582,0.7351073463849026,densmap,
583,1.4758387313136456,densmap,
584,3.4449586389630857,densmap,
585,0.901761864062187,densmap,
586,,densmap,
587,1.4557313443197335,densmap,
588,2.277691509067475,densmap,
589,0.7349428978842478,densmap,
590,1.380032265198139,densmap,
591,4.732945369140706,densmap,
592,2.169888325368858,densmap,
593,2.3403537518285202,densmap,
594,0.6687196589503397,densmap,
595,1.4940207963991017,densmap,
596,1.189040764748418,densmap,
597,1.6157663397776985,densmap,
598,0.9715562360324294,densmap,
599,2.108141349943022,densmap,
600,0.9286796048015173,densmap,
601,0.7486484219315492,densmap,
602,1.1468817591705083,densmap,
603,4.391360838463859,densmap,
604,1.925377121501787,densmap,
605,1.1893530248297726,densmap,
606,0.9875565861731058,densmap,
607,1.3346292359478324,densmap,
608,2.4721650699710986,densmap,
609,1.3464066096997571,densmap,
610,0.854954936434317,densmap,
611,0.4821364597472316,densmap,
612,0.7004929670377796,densmap,
613,1.393677113049687,densmap,
614,1.1982899505657894,densmap,
615,0.8965614042718636,densmap,
616,0.6254104767614163,densmap,
617,0.272347937472778,densmap,
618,1.4978390451426151,densmap,
619,0.35794342496528614,densmap,
620,1.459174411662994,densmap,
621,1.0232126431493513,densmap,
622,0.7038976197772319,densmap,
623,,densmap,
624,0.8495805157657534,densmap,
625,0.9065565519738644,densmap,
626,1.5363010502906849,densmap,
627,3.6273811728478247,densmap,
628,1.2784003952799585,densmap,
629,0.7216733519729518,densmap,
630,1.8735006830976615,densmap,
631,1.5605726028486175,densmap,
632,1.8127038444914738,densmap,
633,0.4413382508849941,densmap,
634,0.9949921144252999,densmap,
635,0.609461817382963,densmap,
636,1.2765410073023669,densmap,
637,2.122286902977262,densmap,
638,0.8848761621280724,densmap,
639,0.8576588466159335,densmap,
640,1.5534941831071112,densmap,
641,1.2904432795183904,densmap,
642,0.7767787983972256,densmap,
643,1.356782692585346,densmap,
644,1.0370171522346099,densmap,
645,1.991135645267272,densmap,
646,0.5501190457987608,densmap,
647,2.514676671829665,densmap,
648,0.5123751909452001,densmap,
649,1.3287861168668211,densmap,
650,0.41105220030765083,densmap,
651,0.8283802398607926,densmap,
652,0.6552719709478204,densmap,
653,2.0396724268021593,densmap,
654,1.2517396892171209,densmap,
655,1.0736515758237528,densmap,
656,3.3888140244308285,densmap,
657,2.387928031965102,densmap,
658,0.6053653036530268,densmap,
659,1.2904398809040447,densmap,
660,0.9442046496303028,densmap,
661,0.5119414585634584,densmap,
662,2.429385476752069,densmap,
663,1.333105499410316,densmap,
664,0.7108007174536027,densmap,
665,0.9061033930495385,densmap,
666,2.062370937346566,densmap,
667,0.8875792435693993,densmap,
668,0.15693080396893908,densmap,
669,1.3059260247024345,densmap,
670,0.8118844035822613,densmap,
671,0.5549990124914037,densmap,
672,2.2360643253247545,densmap,
673,1.7206460903772642,densmap,
674,1.1080292160504244,densmap,
675,3.024510707935735,densmap,
676,2.904071841492761,densmap,
677,1.6091392753955847,densmap,
678,4.252491704836496,densmap,
679,1.3787560185864414,densmap,
680,1.0006583680706345,densmap,
681,2.4531117405121536,densmap,
682,0.8174228698811291,densmap,
683,2.051800481587648,densmap,
684,0.12307435265715788,densmap,
685,2.1859045291855628,densmap,
686,1.7530814031762174,densmap,
687,1.5134967107154242,densmap,
688,1.8328759125590592,densmap,
689,1.0498295307121583,densmap,
690,0.8371816340623772,densmap,
691,1.5045038072628172,densmap,
692,3.251850929315547,densmap,
693,1.2813840146266808,densmap,
694,1.2475725074401685,densmap,
695,2.6279365278188602,densmap,
696,1.6487702108435245,densmap,
697,0.7900212689101804,densmap,
698,0.9637824631906786,densmap,
699,2.288611395469028,densmap,
700,2.5998957257542776,densmap,
701,1.37882883519139,densmap,
702,0.7697099757790302,densmap,
703,0.7791203809535396,densmap,
704,0.21527633866912083,densmap,
705,2.7916869154793424,densmap,
706,0.7455925575045083,densmap,
707,1.5174803582111418,densmap,
708,0.4347744224942728,densmap,
709,0.675708127429617,densmap,
710,1.4491833149519922,densmap,
711,1.5800859838994958,densmap,
712,1.3388767733845803,densmap,
713,2.544762518244241,densmap,
714,0.08112432906063721,densmap,
715,1.719793440660781,densmap,
716,0.4676979023406847,densmap,
717,1.0583737178689685,densmap,
718,2.4485280145855057,densmap,
719,1.2132408089076236,densmap,
720,0.8026701384312369,densmap,
721,1.6872216701860776,densmap,
722,0.7575268368443234,densmap,
723,1.7634073573950697,densmap,
724,2.375588739281603,densmap,
725,0.666785002526631,densmap,
726,1.9134374366934073,densmap,
727,0.9461431228874974,densmap,
728,1.5106246044638674,densmap,
729,2.1373438625937413,densmap,
730,2.2437546348389534,densmap,
731,0.9633325125642825,densmap,
732,1.8824399887222456,densmap,
733,1.9557859961516393,densmap,
734,1.1072938041502332,densmap,
735,1.7815181985161024,densmap,
736,1.3323217439146124,densmap,
737,0.6013179061580438,densmap,
738,1.5288235997869397,densmap,
739,1.0373376069652742,densmap,
740,2.337232680028601,densmap,
741,,densmap,
742,1.7332586777241823,densmap,
743,1.975520937040585,densmap,
744,1.9053644081741659,densmap,
745,2.870093530297045,densmap,
746,2.843062645653962,densmap,
747,0.6065868277361993,densmap,
748,2.315266763731976,densmap,
749,1.8042093464068734,densmap,
750,2.558918252694786,densmap,
751,0.20915333345008316,densmap,
752,4.605845083849997,densmap,
753,1.3682959035890976,densmap,
754,0.2827615949894748,densmap,
755,1.8369096713223716,densmap,
756,2.2129083526638724,densmap,
757,0.9045456806189276,densmap,
758,1.3618966481835801,densmap,
759,1.7652207227742063,densmap,
760,1.3947674699770343,densmap,
761,0.6583561098708881,densmap,
762,0.41212701643882277,densmap,
763,2.0458363254338563,densmap,
764,0.6699002960560366,densmap,
765,0.9904072877269977,densmap,
766,0.8234617799950571,densmap,
767,1.177501330981816,densmap,
768,0.6181444088141359,densmap,
769,0.8171003040890632,densmap,
770,0.6401757742620818,densmap,
771,1.8190269419637186,densmap,
772,0.28040649328134837,densmap,
773,1.3556608192165953,densmap,
774,1.748453564526118,densmap,
775,0.8584288227844314,densmap,
776,3.8905996458239063,densmap,
777,0.6750283095812315,densmap,
778,1.447989213132455,densmap,
779,1.5468187802716835,densmap,
780,0.502611979041381,densmap,
781,1.0267502503825183,densmap,
782,0.40694883023369244,densmap,
783,2.130049732608557,densmap,
784,0.8008089384387507,densmap,
785,13.339426772481833,densmap,
786,1.1472217041819182,densmap,
787,1.5714648724411286,densmap,
788,0.33860819396512737,densmap,
789,0.9468443374913987,densmap,
790,1.4267750378626334,densmap,
791,0.29867224505290413,densmap,
792,1.2388148937718348,densmap,
793,1.088005061688702,densmap,
794,1.2731565272311791,densmap,
795,1.5811297023435267,densmap,
796,1.8351119572257304,densmap,
797,1.059474671984137,densmap,
798,0.10029068447523395,densmap,
799,1.091406166572767,densmap,
800,1.1179552975380007,densmap,
801,1.047199837958766,densmap,
802,1.5268369271705982,densmap,
803,0.8913266481334389,densmap,
804,1.8939942526830644,densmap,
805,0.8635207114354901,densmap,
806,1.7181167104606576,densmap,
807,0.7248849332925021,densmap,
808,1.1787569430581208,densmap,
809,1.4759576753805768,densmap,
810,1.5851622506938752,densmap,
811,1.6448222503827337,densmap,
812,1.0898101857749456,densmap,
813,1.1751416863433921,densmap,
814,2.635374052988933,densmap,
815,0.45799724990106916,densmap,
816,1.0628065182810678,densmap,
817,2.1619110513119706,densmap,
818,1.5977883172725584,densmap,
819,1.3201599680230989,densmap,
820,1.9912711431007502,densmap,
821,1.2134592437601384,densmap,
822,1.9554452069354842,densmap,
823,1.4290470585023034,densmap,
824,1.1659543380776989,densmap,
825,0.8081765697029641,densmap,
826,1.8976458000648442,densmap,
827,1.3738161990950672,densmap,
828,2.180470211113657,densmap,
829,1.6081160560029943,densmap,
830,1.493724718406376,densmap,
831,1.226190355594945,densmap,
832,0.8856256555174243,densmap,
833,0.2638527220919691,densmap,
834,3.548281974435498,densmap,
835,1.279092374219802,densmap,
836,1.5295104552787817,densmap,
837,0.5153888445517849,densmap,
838,3.722323818478032,densmap,
839,1.4856991277104388,densmap,
840,0.4341396300247749,densmap,
841,0.5874027571777422,densmap,
842,1.9214423653311576,densmap,
843,0.1291435233822516,densmap,
844,0.9639251561674937,densmap,
845,1.8571292519154392,densmap,
846,2.595546854601399,densmap,
847,3.9821166839578086,densmap,
848,0.6327435663226412,densmap,
849,1.7575278028365102,densmap,
850,0.9954459564925972,densmap,
851,1.9770573752173224,densmap,
852,1.2437120465699234,densmap,
853,0.3601925317387949,densmap,
854,1.8856596240396537,densmap,
855,1.3272643205559242,densmap,
856,2.339300081482011,densmap,
857,0.8994670359094615,densmap,
858,2.1617750234236754,densmap,
859,1.2545464665299635,densmap,
860,1.114155443538666,densmap,
861,1.1114057046884147,densmap,
862,2.4807415532231585,densmap,
863,1.2277870482866737,densmap,
864,1.3890541424810354,densmap,
865,1.0147487423695307,densmap,
866,4.336560974334417,densmap,
867,1.2324739942896916,densmap,
868,1.2890398742170308,densmap,
869,1.000945774845894,densmap,
870,1.6140070466397731,densmap,
871,1.0739775021418365,densmap,
872,1.6628316942944936,densmap,
873,1.5748652642285983,densmap,
874,1.3190308144702503,densmap,
875,1.0363716740511555,densmap,
876,3.8162670747656335,densmap,
877,1.4573052819325973,densmap,
878,0.20058387129220928,densmap,
879,1.4114970846316752,densmap,
880,1.1017136966297065,densmap,
881,1.7847204916621466,densmap,
882,1.2896960138917701,densmap,
883,1.0944166579038945,densmap,
884,0.9838377063413046,densmap,
885,0.6082409473482848,densmap,
886,0.589162262987181,densmap,
887,1.014926908950736,densmap,
888,1.1078314472222668,densmap,
889,2.3106181746633503,densmap,
890,1.3077028858281834,densmap,
891,0.9217110189596418,densmap,
892,0.8503060577713718,densmap,
893,1.6873722501714479,densmap,
894,1.4199160087312839,densmap,
895,1.92408482349734,densmap,
896,0.7795562897724377,densmap,
897,0.8220626500775233,densmap,
898,1.6507026218919245,densmap,
899,1.6452254571927911,densmap,
900,0.5437090137148062,densmap,
901,1.6580771606826377,densmap,
902,0.29103684002472796,densmap,
903,2.523240813225702,densmap,
904,0.4870003539033028,densmap,
905,1.5415844698989163,densmap,
906,1.5815352695536742,densmap,
907,1.1587858115608602,densmap,
908,2.1145664340795007,densmap,
909,1.6306909008347599,densmap,
910,0.5567184221267831,densmap,
911,1.4765080584593442,densmap,
912,0.34384612142757276,densmap,
913,2.7873677274315924,densmap,
914,1.730159980420114,densmap,
915,1.2102677996403082,densmap,
916,1.4062419056858375,densmap,
917,2.1229145475526683,densmap,
918,1.1398064577140752,densmap,
919,1.7119479823001127,densmap,
920,1.239902869574946,densmap,
921,1.6343401371900232,densmap,
922,0.9807665294954213,densmap,
923,1.0197971093188654,densmap,
924,1.271059260764309,densmap,
925,1.2678405098755336,densmap,
926,1.7617450516560185,densmap,
927,0.6913132714265682,densmap,
928,0.7591589829199238,densmap,
929,0.6455222683882623,densmap,
930,2.353367480023697,densmap,
931,0.5845082659563614,densmap,
932,1.009909927971094,densmap,
933,1.1815487150584245,densmap,
934,1.0868421734726383,densmap,
935,2.1226710583143262,densmap,
936,1.818744200251975,densmap,
937,1.0190452516536639,densmap,
938,1.8662626662832889,densmap,
939,2.218499475395313,densmap,
940,2.119364427182848,densmap,
941,0.7665629218455327,densmap,
942,0.08356662820431295,densmap,
943,1.715052709940322,densmap,
944,2.018323047004363,densmap,
945,0.6881577467182987,densmap,
946,1.2537132839159655,densmap,
947,0.4498485631689826,densmap,
948,3.173977668945378,densmap,
949,1.7239627555963994,densmap,
950,1.4838841561197935,densmap,
951,1.5651017445546445,densmap,
952,1.3203281251417396,densmap,
953,2.869034299608542,densmap,
954,1.6431713090197524,densmap,
955,2.3264497417736885,densmap,
956,2.606794261978306,densmap,
957,0.8808975436077269,densmap,
958,1.3671616053142568,densmap,
959,1.9962917979864379,densmap,
960,2.6745275620070417,densmap,
961,2.2755296385072734,densmap,
962,0.9120813090803265,densmap,
963,1.250116188094619,densmap,
964,0.6790884782125483,densmap,
965,0.9447478738945503,densmap,
966,1.3979359498831958,densmap,
967,2.757470940366711,densmap,
968,2.318661110033934,densmap,
969,0.7719646798344828,densmap,
970,1.4012680739508634,densmap,
971,1.2132443850361454,densmap,
972,1.3149623533025803,densmap,
973,1.244859400235674,densmap,
974,1.272852093150441,densmap,
975,1.5366281653787484,densmap,
976,0.8657869839286247,densmap,
977,1.2795129300632682,densmap,
978,1.0844482141692602,densmap,
979,0.8511126203249232,densmap,
980,2.555523651226813,densmap,
981,2.900262045436618,densmap,
982,0.7873468725716295,densmap,
983,1.653826312313444,densmap,
984,1.4073358956299937,densmap,
985,1.8431463450962762,densmap,
986,0.6596636468849322,densmap,
987,1.2932899753089202,densmap,
988,1.9977417699440845,densmap,
989,1.8224348131146546,densmap,
990,0.648070803016573,densmap,
991,1.689410118586609,densmap,
992,0.853681108835481,densmap,
993,2.395258924763843,densmap,
994,0.8153447603835635,densmap,
995,0.31984380160918907,densmap,
996,0.9690759506620747,densmap,
997,1.7641966343734385,densmap,
998,1.079079676481006,densmap,
999,0.48360161265773366,densmap,
1000,1.3828639453188187,densmap,
1001,0.7890280747564087,densmap,
1002,0.7850593486065394,densmap,
1003,1.4203197759546913,densmap,
1004,1.0402020216798131,densmap,
1005,0.45010268503287826,densmap,
1006,1.159381655253477,densmap,
1007,0.7275602871691081,densmap,
1008,9.33350737381017,densmap,
1009,1.3106245842619688,densmap,
1010,1.0439861925953036,densmap,
1011,2.84841655346983,densmap,
1012,0.13766568731843465,densmap,
1013,0.8821788476979266,densmap,
1014,1.0436115259954046,densmap,
1015,,densmap,
1016,1.1897625961432,densmap,
1017,1.272609619047409,densmap,
1018,0.8370066588214924,densmap,
1019,1.2639195632004996,densmap,
1020,0.6489381685592857,densmap,
1021,0.7256210729374323,densmap,
1022,3.4384784938377493,densmap,
1023,1.4227227387405914,densmap,
1024,0.8895791776386908,densmap,
1025,1.9832221370352434,densmap,
1026,1.4653630533956123,densmap,
1027,0.8772523329851546,densmap,
1028,7.550557718234993,densmap,
1029,0.32824383156777887,densmap,
1030,1.311304597342006,densmap,
1031,1.144394997101398,densmap,
1032,0.8891732614728025,densmap,
1033,3.633557678352579,densmap,
1034,0.37208423433450244,densmap,
1035,1.9408868834021675,densmap,
1036,2.925569573154621,densmap,
1037,1.0346643039964567,densmap,
1038,1.9890603470464252,densmap,
1039,1.5375746694665255,densmap,
1040,1.0691505700786357,densmap,
1041,7.668512327820724,densmap,
1042,0.9224829748812334,densmap,
1043,0.7511162553969384,densmap,
1044,0.8485980535439297,densmap,
1045,1.5477964346456787,densmap,
1046,2.441400711295271,densmap,
1047,7.378240956277808,densmap,
1048,1.0068191086575782,densmap,
1049,0.97262210560148,densmap,
1050,3.3458696699901984,densmap,
1051,0.7112145132831759,densmap,
1052,2.3257269961714826,densmap,
1053,1.3333369577638936,densmap,
1054,2.8354317114773706,densmap,
1055,1.0483367423227865,densmap,
1056,0.8592767831904999,densmap,
1057,1.441549359361519,densmap,
1058,0.6616251324112102,densmap,
1059,2.542052982716493,densmap,
1060,0.7292266306710646,densmap,
1061,2.4219713157792717,densmap,
1062,1.3444028808723187,densmap,
1063,0.5129118814236413,densmap,
1064,1.2298946468091272,densmap,
1065,0.8197249873064477,densmap,
1066,1.8554297684108174,densmap,
1067,14.229077464548435,densmap,
1068,2.344835529400347,densmap,
1069,1.9808184729905611,densmap,
1070,0.704702719348165,densmap,
1071,0.880084660241978,densmap,
1072,1.4676505252646956,densmap,
1073,1.535912800524463,densmap,
1074,0.8824252546506985,densmap,
1075,1.556332317407164,densmap,
1076,0.9315292834231591,densmap,
1077,0.8775261601637764,densmap,
1078,1.3639974305613718,densmap,
1079,1.0918453689824512,densmap,
1080,0.5498090274924451,densmap,
1081,1.5462160127916815,densmap,
1082,1.700731320635406,densmap,
1083,6.718113597952659,densmap,
1084,1.619474399210753,densmap,
1085,1.1165198186924579,densmap,
1086,1.4475917132045135,densmap,
1087,1.3158137605746274,densmap,
1088,0.7409383292377608,densmap,
1089,0.8605824506341194,densmap,
1090,1.1755449201297443,densmap,
1091,0.6049179825770178,densmap,
1092,0.8842834632998287,densmap,
1093,0.8635200547289207,densmap,
1094,0.7039296284561877,densmap,
1095,1.4995578061098287,densmap,
1096,0.22879013723197028,densmap,
1097,0.9734057362980127,densmap,
1098,0.33069257733552604,densmap,
1099,3.9921954264306714,densmap,
1100,1.080269655822864,densmap,
1101,1.2996629788334024,densmap,
1102,0.634920280626586,densmap,
1103,0.9238175981926907,densmap,
1104,0.8723833951520192,densmap,
1105,1.2316834758465784,densmap,
1106,1.0968590740060868,densmap,
1107,1.3180709421399581,densmap,
1108,1.2711275675943086,densmap,
1109,1.615393951753107,densmap,
1110,3.161526747598127,densmap,
1111,1.0497305035583915,densmap,
1112,1.6346584851665658,densmap,
1113,2.060816867932847,densmap,
1114,1.2540689928665298,densmap,
1115,0.7905059981884022,densmap,
1116,1.2178336158347682,densmap,
1117,1.0604029847121328,densmap,
1118,1.7511081950637737,densmap,
1119,0.39484224612491653,densmap,
1120,0.9473085480409634,densmap,
1121,1.3427280696871846,densmap,
1122,1.8736101314997902,densmap,
1123,1.240619483355682,densmap,
1124,0.7000727752139742,densmap,
1125,1.6438080858971882,densmap,
1126,1.135342673298229,densmap,
1127,0.7019945295903112,densmap,
1128,1.5741470508727353,densmap,
1129,1.0938804701975324,densmap,
1130,1.26362499693224,densmap,
1131,0.82179438159954,densmap,
1132,0.8295882419587044,densmap,
1133,0.7759602890041499,densmap,
1134,0.7989410036295028,densmap,
1135,0.7692527509553613,densmap,
1136,0.5197581229893996,densmap,
1137,0.7321852411013787,densmap,
1138,0.8187354675735113,densmap,
1139,0.9660777993911697,densmap,
1140,1.267905672137361,densmap,
1141,0.6471699459013343,densmap,
1142,1.0974034732869173,densmap,
1143,0.7898357368533324,densmap,
1144,1.5272512580952902,densmap,
1145,1.0639662648005836,densmap,
1146,0.44569599726334735,densmap,
1147,0.9550489426700317,densmap,
1148,1.4333455365830081,densmap,
1149,3.352063109424631,densmap,
1150,1.047058843504928,densmap,
1151,0.710297015586319,densmap,
1152,1.1444048993773823,densmap,
1153,0.9761401801679396,densmap,
1154,0.842232791815447,densmap,
1155,1.2820748930293568,densmap,
1156,2.06807784881478,densmap,
1157,0.8591797735001637,densmap,
1158,0.9453037609548132,densmap,
1159,0.9487854831957573,densmap,
1160,7.581253309264423,densmap,
1161,1.8077807147255653,densmap,
1162,2.4900406279217004,densmap,
1163,2.992182080534751,densmap,
1164,1.2610129362297031,densmap,
1165,3.043319842870722,densmap,
1166,0.5049298916941014,densmap,
1167,0.3907308858391775,densmap,
1168,1.2469173673209484,densmap,
1169,3.1262603855590982,densmap,
1170,1.094993092632296,densmap,
1171,0.742991787908069,densmap,
1172,2.4474981976400474,densmap,
1173,2.713862658175623,densmap,
1174,0.6107278580811745,densmap,
1175,0.8574546287282138,densmap,
1176,0.7794408251339582,densmap,
1177,1.5461354732208235,densmap,
1178,1.9108428022803057,densmap,
1179,1.2739215024323842,densmap,
1180,0.7517601014325329,densmap,
1181,1.1690313698463224,densmap,
1182,1.1925114769063996,densmap,
1183,4.522748025843451,densmap,
1184,0.6317370740029798,densmap,
1185,1.3075296688952263,densmap,
1186,0.6228627104438236,densmap,
1187,2.399758601630636,densmap,
1188,1.5550737302233577,densmap,
1189,2.04507978717213,densmap,
1190,1.1927253055792029,densmap,
1191,0.8437821016866016,densmap,
1192,1.0603727386229143,densmap,
1193,2.0106125746929493,densmap,
1194,0.9433402348540038,densmap,
1195,0.7139691228132167,densmap,
1196,0.41563049604548885,densmap,
1197,1.3120746903037077,densmap,
1198,0.4102514896671418,densmap,
1199,0.6229760192286706,densmap,
1200,0.9878109238072679,densmap,
1201,0.4578030629998238,densmap,
1202,0.7614859262660938,densmap,
1203,1.527411907302797,densmap,
1204,0.42298241305542317,densmap,
1205,1.468405220648618,densmap,
1206,0.8769098787790454,densmap,
1207,2.397103093443201,densmap,
1208,1.1136625225100945,densmap,
1209,1.1310884022312153,densmap,
1210,1.1687866941218812,densmap,
1211,1.3213535930016271,densmap,
1212,0.5193881617926168,densmap,
1213,1.0149641618643235,densmap,
1214,0.20241440813824604,densmap,
1215,0.35980178272886554,densmap,
1216,0.8912778194128103,densmap,
1217,0.8615292083661779,densmap,
1218,0.9643312232733798,densmap,
1219,0.9878065359939537,densmap,
1220,0.7778361993017916,densmap,
1221,0.29761807552050396,densmap,
1222,1.2166231142598376,densmap,
1223,0.15971082167753875,densmap,
1224,0.7980830154182952,densmap,
1225,2.110499186291171,densmap,
1226,1.0789084995350762,densmap,
1227,1.879283640844479,densmap,
1228,1.3858420525407429,densmap,
1229,0.9941894880580354,densmap,
1230,0.5497276772351039,densmap,
1231,2.1837345709423874,densmap,
1232,0.773638021104013,densmap,
1233,3.1776771021363217,densmap,
1234,2.126324149557257,densmap,
1235,1.190031564611809,densmap,
1236,0.9189051085094112,densmap,
1237,1.0190791801761518,densmap,
1238,0.8437894139696109,densmap,
1239,0.9126755754433274,densmap,
1240,0.6570564768754162,densmap,
1241,0.8077180916975564,densmap,
1242,2.6275400476211845,densmap,
1243,1.4895505174053743,densmap,
1244,1.7677366910740997,densmap,
1245,1.0547074974179158,densmap,
1246,2.660039365107525,densmap,
1247,0.6480397670636067,densmap,
1248,0.7918682097388918,densmap,
1249,0.6172958545413446,densmap,
1250,1.368830219734329,densmap,
1251,1.8086082294764008,densmap,
1252,2.1148445602854187,densmap,
1253,0.9472039808451128,densmap,
1254,2.4128848729412335,densmap,
1255,1.0968077698648027,densmap,
1256,0.26401114192608655,densmap,
1257,0.1584070811234002,densmap,
1258,0.45554482290027565,densmap,
1259,1.6679039684199652,densmap,
1260,0.8145396495839892,densmap,
1261,1.2529056108126613,densmap,
1262,1.8549478361353355,densmap,
1263,0.9105522822510684,densmap,
1264,2.28728247400243,densmap,
1265,1.0793196450981706,densmap,
1266,1.7856661313694504,densmap,
1267,0.6543862668526567,densmap,
1268,1.5410923645242962,densmap,
1269,1.6710635925392112,densmap,
1270,0.7128962256206781,densmap,
1271,2.176103282081872,densmap,
1272,1.4853063924955148,densmap,
1273,0.7914021643387545,densmap,
1274,0.9162092442312513,densmap,
1275,1.5976897658808829,densmap,
1276,0.33606689184475835,densmap,
1277,3.297867189019212,densmap,
1278,0.07658026100802456,densmap,
1279,0.8759506628686246,densmap,
1280,0.7079377967174575,densmap,
1281,1.4631798995450598,densmap,
1282,3.6248120891232025,densmap,
1283,0.7287052004662921,densmap,
1284,3.753904151785147,densmap,
1285,0.5146177781912895,densmap,
1286,1.8541599830127773,densmap,
1287,0.4513577761664369,densmap,
1288,2.1304183475344853,densmap,
1289,0.6646667066834976,densmap,
1290,0.5091090502429644,densmap,
1291,1.024135037616311,densmap,
1292,0.9374708767097406,densmap,
1293,7.577892119713191,densmap,
1294,1.824040882523259,densmap,
1295,0.7114551720854537,densmap,
1296,0.4068634506991781,densmap,
1297,1.7572371731154959,densmap,
1298,2.432610032341122,densmap,
1299,1.4837838128919814,densmap,
1300,1.8838110927781624,densmap,
1301,0.6092837380592477,densmap,
1302,0.7039053133509833,densmap,
1303,0.7615125393358604,densmap,
1304,4.949621552043645,densmap,
1305,0.3546376530976293,densmap,
1306,11.535228240479206,densmap,
1307,0.9100140911992767,densmap,
1308,1.324462170693986,densmap,
1309,3.9480493544535187,densmap,
1310,1.1528223123928154,densmap,
1311,0.8194113354243856,densmap,
1312,0.9941470223269394,densmap,
1313,2.86853128273132,densmap,
1314,3.409882083054213,densmap,
1315,1.1471376006157867,densmap,
1316,0.5499148644244275,densmap,
1317,1.1134476797570403,densmap,
1318,2.4173109908759307,densmap,
1319,2.8283652808889106,densmap,
1320,0.7365166020818855,densmap,
1321,0.45606907812625064,densmap,
1322,2.6213547139513897,densmap,
1323,0.7376086229451566,densmap,
1324,2.3703184478077866,densmap,
1325,1.381319640071424,densmap,
1326,0.7250919716112704,densmap,
1327,0.9684151819703756,densmap,
1328,1.1667171249120698,densmap,
1329,5.765480638685457,densmap,
1330,0.6287778965329252,densmap,
1331,0.7987537691006746,densmap,
1332,0.7762309048708537,densmap,
1333,1.0650864602961811,densmap,
1334,0.8392672542923373,densmap,
1335,0.6534219021654449,densmap,
1336,0.718456358435343,densmap,
1337,1.900751472401929,densmap,
1338,1.624226051447894,densmap,
1339,0.8916266642973878,densmap,
1340,0.6230207907215803,densmap,
1341,1.3768792473795473,densmap,
1342,0.9217921406953261,densmap,
1343,1.698273391549608,densmap,
1344,0.9458065681743263,densmap,
1345,1.0293920989896437,densmap,
1346,0.6928925331370065,densmap,
1347,2.6481401998285405,densmap,
1348,1.6836380408721932,densmap,
1349,0.3049483831692842,densmap,
1350,4.532379551228516,densmap,
1351,0.5277453396043927,densmap,
1352,0.9474429659601994,densmap,
1353,0.9477011389270332,densmap,
1354,1.1993910276341748,densmap,
1355,1.9451417341855004,densmap,
1356,1.7199310856972632,densmap,
1357,0.623963879530778,densmap,
1358,0.6638875570000088,densmap,
1359,0.5373378076045395,densmap,
1360,1.1822638706094182,densmap,
1361,1.6452302076806047,densmap,
1362,2.5403307460818505,densmap,
1363,0.5659776990427664,densmap,
1364,0.9978618160545956,densmap,
1365,1.078847597487835,densmap,
1366,1.5766515972282034,densmap,
1367,0.7996267350743232,densmap,
1368,0.9822381637163494,densmap,
1369,0.4968308262524657,densmap,
1370,2.350115257432172,densmap,
1371,0.7978264607989618,densmap,
1372,0.5257988965904025,densmap,
1373,3.8131465972176994,densmap,
1374,0.9040947269433914,densmap,
1375,0.622624461855244,densmap,
1376,2.258882825389744,densmap,
1377,1.126816828745912,densmap,
1378,14.229080049431143,densmap,
1379,1.696411914529545,densmap,
1380,2.6829419383267896,densmap,
1381,0.629586051383892,densmap,
1382,0.5567871481390572,densmap,
1383,0.5353701143910836,densmap,
1384,0.8156391770200553,densmap,
1385,0.6815025691282398,densmap,
1386,3.6388939540349248,densmap,
1387,0.9516866250525462,densmap,
1388,0.838123813481528,densmap,
1389,1.6149780956800308,densmap,
1390,0.7120661181644938,densmap,
1391,1.4933052139567222,densmap,
1392,1.0901814466440276,densmap,
1393,0.8605900419928905,densmap,
1394,0.8440958812823339,densmap,
1395,2.0119446186117953,densmap,
1396,1.3233727663691468,densmap,
1397,0.5468287896798325,densmap,
1398,0.8882803977487534,densmap,
1399,0.5998044973276373,densmap,
1400,2.0518606118875686,densmap,
1401,0.337501470985289,densmap,
1402,1.4484140133053083,densmap,
1403,17.59362207388162,densmap,
1404,0.9241719943929442,densmap,
1405,1.710747382839491,densmap,
1406,0.860911292829545,densmap,
1407,1.2001414746776198,densmap,
1408,1.2369425884128664,densmap,
1409,0.6916130033121416,densmap,
1410,2.745285225017886,densmap,
1411,0.9075401001427276,densmap,
1412,2.5572867780783324,densmap,
1413,0.8850945364183921,densmap,
1414,0.8309612692722438,densmap,
1415,1.0244985985000907,densmap,
1416,1.1405313052578276,densmap,
1417,0.6494868448295021,densmap,
1418,1.9232487000802103,densmap,
1419,0.3867038001671294,densmap,
1420,2.338489495201771,densmap,
1421,1.9334208068388914,densmap,
1422,1.8476784690894226,densmap,
1423,0.7526769040865408,densmap,
1424,1.616294606459324,densmap,
1425,0.8188704485630901,densmap,
1426,1.0194072319624747,densmap,
1427,0.9532320725594143,densmap,
1428,0.8231411098185807,densmap,
1429,0.9888229325300932,densmap,
1430,2.6887398542807905,densmap,
1431,1.810000519042583,densmap,
1432,1.1876159077891655,densmap,
1433,0.8721245021340166,densmap,
1434,0.9926944175964632,densmap,
1435,2.376768946425243,densmap,
1436,1.2871456966337702,densmap,
1437,0.9341171222571725,densmap,
1438,0.6292217666244153,densmap,
1439,0.9668609242083268,densmap,
1440,0.8266138763095955,densmap,
1441,4.192767892020095,densmap,
1442,0.9039512353336608,densmap,
1443,1.6578952179104105,densmap,
1444,0.6092666512593194,densmap,
1445,0.6797079804757165,densmap,
1446,0.6933466107307672,densmap,
1447,1.2025479763067866,densmap,
1448,2.338926668399612,densmap,
1449,1.9082316631844365,densmap,
1450,0.6601719785426973,densmap,
1451,0.8175871926824101,densmap,
1452,0.5059982741665683,densmap,
1453,2.61947726851587,densmap,
1454,1.4912316924140385,densmap,
1455,1.0341053411854508,densmap,
1456,1.1626231220059218,densmap,
1457,1.126117166893428,densmap,
1458,1.4169680866198484,densmap,
1459,0.7927762535458233,densmap,
1460,6.34003056498932,densmap,
1461,0.7259470349641147,densmap,
1462,1.4798584083805266,densmap,
1463,0.8190249575559251,densmap,
1464,0.8758534925015846,densmap,
1465,0.9018358057223416,densmap,
1466,2.137879762525634,densmap,
1467,1.2570753715115315,densmap,
1468,1.1302395038294344,densmap,
1469,0.8849148772943646,densmap,
1470,3.397194395159417,densmap,
1471,2.8124920011959045,densmap,
1472,1.2986160894946241,densmap,
1473,1.9496114137346452,densmap,
1474,1.1392096422804368,densmap,
1475,0.47356710910619604,densmap,
1476,2.002578021614993,densmap,
1477,2.2143074843968074,densmap,
1478,0.1173592385092413,densmap,
1479,1.5165623205216656,densmap,
1480,0.7826695344835739,densmap,
1481,2.4073652406925805,densmap,
1482,0.6748076102147715,densmap,
1483,2.3614634185722276,densmap,
1484,1.6150439248184931,densmap,
1485,1.1018733350657652,densmap,
1486,0.9654434274382928,densmap,
1487,0.646773244215113,densmap,
1488,1.5308011311781893,densmap,
1489,0.803896528190443,densmap,
1490,2.8960254024960492,densmap,
1491,1.7004549882060302,densmap,
1492,0.6191501041425687,densmap,
1493,0.8056096894864544,densmap,
1494,1.7159485609916363,densmap,
1495,0.8231877612187166,densmap,
1496,0.8749073402728934,densmap,
1497,2.1755832978678264,densmap,
1498,2.045962888923435,densmap,
1499,2.8494080720797386,densmap,
1500,0.902135723306904,densmap,
1501,0.13088207655326634,densmap,
1502,0.6070456131907912,densmap,
1503,0.6777720849391672,densmap,
1504,0.9361362911018456,densmap,
1505,2.4829210113132762,densmap,
1506,1.3098055682717418,densmap,
1507,0.7311725063600082,densmap,
1508,1.461155946428661,densmap,
1509,1.2428771802684542,densmap,
1510,1.0553730387846108,densmap,
1511,0.7574005731103045,densmap,
1512,0.3713430922785479,densmap,
1513,1.4253970720238776,densmap,
1514,1.280718587913282,densmap,
1515,0.37398875332999015,densmap,
1516,2.20208289760936,densmap,
1517,0.8441439940356097,densmap,
1518,1.4720312103968554,densmap,
1519,1.0514596542919805,densmap,
1520,0.7300813653138101,densmap,
1521,1.4120877829594463,densmap,
1522,1.3994765932327986,densmap,
1523,1.0459076128155007,densmap,
1524,1.085069325932687,densmap,
1525,1.4042887296325246,densmap,
1526,0.7086735101734131,densmap,
1527,1.1914172681537345,densmap,
1528,2.1955034461213203,densmap,
1529,1.1758004567433453,densmap,
1530,1.1609492946922435,densmap,
1531,1.6841748571344923,densmap,
1532,0.7070980569173133,densmap,
1533,1.6329387020079815,densmap,
1534,0.7398628498432298,densmap,
1535,0.7846352627851106,densmap,
1536,0.3313813299773203,densmap,
1537,0.6960986851413881,densmap,
1538,1.0403528700865985,densmap,
1539,1.9911350667326888,densmap,
1540,1.0144372261084924,densmap,
1541,0.9741923487534306,densmap,
1542,1.4443458721024216,densmap,
1543,1.3580492504629245,densmap,
1544,1.1153166658334195,densmap,
1545,1.2570419219288447,densmap,
1546,0.5855238575786367,densmap,
1547,2.009568028138081,densmap,
1548,0.6496715984309691,densmap,
1549,1.7195802074309072,densmap,
1550,0.5772077890203358,densmap,
1551,1.039996556505491,densmap,
1552,2.937800351792897,densmap,
1553,1.1457295542868975,densmap,
1554,1.3010592458279706,densmap,
1555,1.5324375700383952,densmap,
1556,0.9860471387444736,densmap,
1557,0.7034127521486402,densmap,
1558,15.613769711149635,densmap,
1559,0.6979152365450939,densmap,
1560,0.5107777556480011,densmap,
1561,1.843102540407483,densmap,
1562,2.840081513631092,densmap,
1563,0.6752922846049767,densmap,
1564,1.1480914387857786,densmap,
1565,0.8944986506955465,densmap,
1566,4.332217892813853,densmap,
1567,0.211409741700327,densmap,
1568,0.130457738280462,densmap,
1569,0.5694720705279415,densmap,
1570,2.527592645461239,densmap,
1571,0.8153849996076287,densmap,
1572,1.8419021618856093,densmap,
1573,2.0137825275332495,densmap,
1574,1.3390820006328101,densmap,
1575,2.0377606997955158,densmap,
1576,0.6696791360864505,densmap,
1577,1.2166714052376613,densmap,
1578,1.465737868271204,densmap,
1579,0.788239110340705,densmap,
1580,1.564960849811935,densmap,
1581,1.4930176106362376,densmap,
1582,0.5252851534226145,densmap,
1583,0.8060758404384164,densmap,
1584,0.5841986468423113,densmap,
1585,1.8920825433241943,densmap,
1586,,densmap,
1587,0.8059857830472481,densmap,
1588,1.1155121190392046,densmap,
1589,1.5546666175379702,densmap,
1590,1.901429197705788,densmap,
1591,3.0216080605256925,densmap,
1592,0.9819593790531095,densmap,
1593,0.3590219086156901,densmap,
1594,0.8147819858530704,densmap,
1595,0.7784651774946104,densmap,
1596,0.9014559835438054,densmap,
1597,1.1747307770483633,densmap,
1598,0.5383993923844352,densmap,
1599,2.6040561029406772,densmap,
1600,1.4174929185488327,densmap,
1601,0.4755924387374263,densmap,
1602,0.624460976301476,densmap,
1603,0.6959890656172324,densmap,
1604,0.3124241637672192,densmap,
1605,0.48910420989441306,densmap,
1606,0.25965374111333295,densmap,
1607,0.4684371751536127,densmap,
1608,1.1840416025969758,densmap,
1609,0.29947574379597675,densmap,
1610,0.21939683725840295,densmap,
1611,1.3686451780144255,densmap,
1612,1.4416893476632315,densmap,
1613,0.4997547874133278,densmap,
1614,0.2920509684012475,densmap,
1615,1.5029000343665457,densmap,
1616,0.1275726420694551,densmap,
1617,0.14016359546848217,densmap,
1618,1.031628644091067,densmap,
1619,1.11984294394885,densmap,
1620,3.580261998214032,densmap,
1621,1.1131771449530752,densmap,
1622,1.0699979041100156,densmap,
1623,1.3545991529053938,densmap,
1624,1.1364067665476458,densmap,
1625,1.6158884076212465,densmap,
1626,3.033933968988768,densmap,
1627,0.576039503674883,densmap,
1628,1.8781658601040856,densmap,
1629,0.9708425984716457,densmap,
1630,0.5368159759751849,densmap,
1631,0.5061507037766971,densmap,
1632,1.6147506711612094,densmap,
1633,1.5924495002324592,densmap,
1634,0.5169015026193996,densmap,
1635,0.22250138452564489,densmap,
1636,1.7602881679571631,densmap,
1637,0.7981119863071998,densmap,
1638,0.328780111000046,densmap,
1639,1.296469808340733,densmap,
1640,1.3584083934826117,densmap,
1641,0.7322569176701225,densmap,
1642,0.7280582842269494,densmap,
1643,3.7301350069936,densmap,
1644,2.2265613922864604,densmap,
1645,0.8175439646941366,densmap,
1646,0.5511957477590363,densmap,
1647,2.624274185773235,densmap,
1648,0.9260817735466249,densmap,
1649,0.7510051922111528,densmap,
1650,1.0716578985141771,densmap,
1651,1.3716225530854411,densmap,
1652,1.8563323832370107,densmap,
1653,0.22610456403431214,densmap,
1654,0.6075612600005925,densmap,
1655,0.7380200283773677,densmap,
1656,2.351748105690174,densmap,
1657,1.2057362279235802,densmap,
1658,0.6944979376332504,densmap,
1659,0.5860528101549041,densmap,
1660,0.8359985459549119,densmap,
1661,1.0012010178212054,densmap,
1662,2.770161817776461,densmap,
1663,0.2886713194317567,densmap,
1664,0.18186481572807187,densmap,
1665,3.6856893787506357,densmap,
1666,1.2967400815974928,densmap,
1667,1.366313028800111,densmap,
1668,0.4418415993513104,densmap,
1669,1.1366754476247836,densmap,
1670,0.8534632087502709,densmap,
1671,0.8244602022412393,densmap,
1672,0.6248328603360651,densmap,
1673,0.9131845081587009,densmap,
1674,0.9751819866708659,densmap,
1675,1.4472489926999677,densmap,
1676,0.5592529287170278,densmap,
1677,0.524572389360996,densmap,
1678,1.0491298964344937,densmap,
1679,0.664007412338744,densmap,
1680,0.4930740080853172,densmap,
1681,0.5010443437332296,densmap,
1682,1.1795604022041843,densmap,
1683,0.6469994829242953,densmap,
1684,0.12648341040436364,densmap,
1685,0.767976214444603,densmap,
1686,0.8519466235259874,densmap,
1687,0.2965255688894458,densmap,
1688,5.056028242621336,densmap,
1689,1.2712373394290792,densmap,
1690,0.7807636314949837,densmap,
1691,1.7290462127374067,densmap,
1692,0.7110101319552898,densmap,
1693,1.6060781406017897,densmap,
1694,2.504191971887671,densmap,
1695,,densmap,
1696,0.9990895093030207,densmap,
1697,0.5637366910071466,densmap,
1698,0.12034660732953999,densmap,
1699,3.4255603517990325,densmap,
1700,0.1841302695670692,densmap,
1701,0.9280261397680695,densmap,
1702,1.3906573032529221,densmap,
1703,1.5746525273525822,densmap,
1704,1.037186202851612,densmap,
1705,0.8719789780523541,densmap,
1706,0.610956458165376,densmap,
1707,1.0291628888585436,densmap,
1708,0.7335999001617908,densmap,
1709,1.087970671403345,densmap,
1710,1.5530740751779268,densmap,
1711,0.4376849354279514,densmap,
1712,1.2965128541080528,densmap,
1713,0.9008098321927231,densmap,
1714,1.1525230705904776,densmap,
1715,1.8780894228183662,densmap,
1716,1.1073015680851068,densmap,
1717,0.6719130152079572,densmap,
1718,1.2828859629786065,densmap,
1719,0.5924441446586673,densmap,
1720,1.1037561475350448,densmap,
1721,1.9164099794755451,densmap,
1722,1.1903878338207732,densmap,
1723,1.5674424168809793,densmap,
1724,0.4315894562820775,densmap,
1725,0.19970990690058107,densmap,
1726,1.0980100307709635,densmap,
1727,2.6283915765664463,densmap,
1728,0.8851961247957412,densmap,
1729,1.9566360572841228,densmap,
1730,1.306733464288495,densmap,
1731,3.125243080436968,densmap,
1732,0.27287620855592687,densmap,
1733,0.8177075518465785,densmap,
1734,1.5464168762754877,densmap,
1735,0.6934057266485225,densmap,
1736,1.4263649543244423,densmap,
1737,0.9391630161220289,densmap,
1738,1.9004140226588282,densmap,
1739,2.6203982689037173,densmap,
1740,2.6436466907540277,densmap,
1741,0.706703289594869,densmap,
1742,2.3176224714219993,densmap,
1743,0.9365271941500467,densmap,
1744,1.110679957777973,densmap,
1745,2.141492683962461,densmap,
1746,0.5502777564301183,densmap,
1747,0.3178048558610357,densmap,
1748,0.8123145673487128,densmap,
1749,1.5613764455228318,densmap,
1750,1.287581990183575,densmap,
1751,1.4803544761112284,densmap,
1752,1.3805096636878231,densmap,
1753,1.5899013888300702,densmap,
1754,2.048491677096643,densmap,
1755,0.5256955704776479,densmap,
1756,2.4640907427075214,densmap,
1757,1.2644143383502668,densmap,
1758,0.6072826074002198,densmap,
1759,1.3575987898433137,densmap,
1760,1.270395137331804,densmap,
1761,1.5738874575470592,densmap,
1762,0.26213965979590864,densmap,
1763,0.5440716043913567,densmap,
1764,0.28118989888007895,densmap,
1765,0.7957990082610492,densmap,
1766,0.16279479444448164,densmap,
1767,1.1502024482083206,densmap,
1768,0.7283270619768262,densmap,
1769,0.24847541963238684,densmap,
1770,1.2632674988936945,densmap,
1771,0.6560948929363594,densmap,
1772,1.283521342165906,densmap,
1773,1.4973531536168605,densmap,
1774,1.1278884641162628,densmap,
1775,1.1327300802625488,densmap,
1776,0.887595330232966,densmap,
1777,0.19859928306490515,densmap,
1778,0.8624623703281076,densmap,
1779,,densmap,
1780,1.4622295566341126,densmap,
1781,1.0463479333642505,densmap,
1782,0.7863653697988436,densmap,
1783,1.8812766404994623,densmap,
1784,1.0414807638315717,densmap,
1785,2.104960636253691,densmap,
1786,0.9403234072415477,densmap,
1787,1.1580074625823997,densmap,
1788,0.5490640951306466,densmap,
1789,0.5600209453425932,densmap,
1790,1.301088088819396,densmap,
1791,,densmap,
1792,0.6307139803288954,densmap,
1793,0.3607304742249964,densmap,
1794,1.0124654746380666,densmap,
1795,0.1292054193815737,densmap,
1796,1.1057203316100954,densmap,
1797,0.5675653624029473,densmap,
1798,0.9626278508790689,densmap,
1799,0.24705244295357695,densmap,
1800,0.3971205476418335,densmap,
1801,0.43034129996383724,densmap,
1802,1.1556598885258669,densmap,
1803,0.22987790959873503,densmap,
1804,1.5105435494688442,densmap,
1805,0.6101558223231746,densmap,
1806,1.6018024867868328,densmap,
1807,0.49181067512698,densmap,
1808,1.4242195117479415,densmap,
1809,2.4434873261186594,densmap,
1810,1.7563861733857957,densmap,
1811,0.7737683359184413,densmap,
1812,2.328924575136803,densmap,
1813,1.1123483147385962,densmap,
1814,3.5461467947047396,densmap,
1815,0.7824427971924174,densmap,
1816,1.161434372751554,densmap,
1817,0.5761418909362843,densmap,
1818,1.5770028011898691,densmap,
1819,0.7057834900043418,densmap,
1820,0.6106664840924247,densmap,
1821,0.8092395804491125,densmap,
1822,0.6335373929937546,densmap,
1823,1.0589317262126448,densmap,
1824,0.69369005814061,densmap,
1825,1.8804934600808083,densmap,
1826,0.7298250488289805,densmap,
1827,0.39149823133779577,densmap,
1828,0.6754491323801359,densmap,
1829,1.623211481788141,densmap,
1830,0.6434179002358109,densmap,
1831,0.6520915900062232,densmap,
1832,0.7892338708523734,densmap,
1833,0.6127133326494086,densmap,
1834,0.9519876127135487,densmap,
1835,1.4676374908098295,densmap,
1836,1.0567173954174907,densmap,
1837,0.6735195544955679,densmap,
1838,0.5258165390945623,densmap,
1839,0.11850447030385698,densmap,
1840,0.32117808981142976,densmap,
1841,0.578143761088262,densmap,
1842,2.1543852177072655,densmap,
1843,1.2787019498882892,densmap,
1844,0.6537279398468843,densmap,
1845,2.0663497164386615,densmap,
1846,0.1755310176015871,densmap,
1847,1.315723166216899,densmap,
1848,0.9488490353894952,densmap,
1849,1.65119065477623,densmap,
1850,4.106030342835583,densmap,
1851,0.2335814018892224,densmap,
1852,0.7969501340152009,densmap,
1853,0.8980588461795799,densmap,
1854,0.8688629961267608,densmap,
1855,0.8238151870746085,densmap,
1856,1.3813566864295943,densmap,
1857,1.0550646770521883,densmap,
1858,0.44894295706299303,densmap,
1859,1.5856562887068353,densmap,
1860,0.9920217384434742,densmap,
1861,2.282055855351904,densmap,
1862,2.3854027620016915,densmap,
1863,1.4174773106497045,densmap,
1864,1.422549623319071,densmap,
1865,2.4497370189749437,densmap,
1866,0.8668596555322722,densmap,
1867,2.572473913093521,densmap,
1868,1.4594251920809704,densmap,
1869,1.1130270178288957,densmap,
1870,0.3224291453385005,densmap,
1871,0.7678067850087954,densmap,
1872,2.518034627895137,densmap,
1873,1.4942471772912387,densmap,
1874,0.7524890472636491,densmap,
1875,0.6277038623795705,densmap,
1876,1.108929706453298,densmap,
1877,1.0748596926481957,densmap,
1878,1.6423833637656198,densmap,
1879,1.7773650174454128,densmap,
1880,1.1511142662730607,densmap,
1881,1.7906637022886107,densmap,
1882,0.025309812409729893,densmap,
1883,0.2676508925519015,densmap,
1884,0.9164114936285436,densmap,
1885,0.7881859080513893,densmap,
1886,1.2948494826304535,densmap,
1887,1.7252769887350503,densmap,
1888,0.5424933749325652,densmap,
1889,0.4604454486626995,densmap,
1890,0.980779908697635,densmap,
1891,0.32120557059681665,densmap,
1892,0.5850052871649315,densmap,
1893,1.360193123930754,densmap,
1894,0.7643577734064937,densmap,
1895,1.6839675241004002,densmap,
1896,1.044308689725824,densmap,
1897,1.2539384156221407,densmap,
1898,0.9133222723339852,densmap,
1899,17.799617553984024,densmap,
1900,1.2554077407241084,densmap,
1901,0.6916863676300821,densmap,
1902,0.109851203279972,densmap,
1903,0.7979524999144079,densmap,
1904,1.3140171323553005,densmap,
1905,0.45602623702705436,densmap,
1906,0.7625001832213663,densmap,
1907,0.7776334162175759,densmap,
1908,1.036489785542788,densmap,
1909,1.1322915442605253,densmap,
1910,1.2470732526315866,densmap,
1911,1.5962905189660017,densmap,
1912,2.170133115388353,densmap,
1913,0.552595700787003,densmap,
1914,1.925636107833072,densmap,
1915,1.2535618309538048,densmap,
1916,0.9635773528708875,densmap,
1917,1.2768984408143411,densmap,
1918,0.8248691227618856,densmap,
1919,0.3032751520895522,densmap,
1920,1.8612731715762234,densmap,
1921,0.16296366871744625,densmap,
1922,0.6866235102993342,densmap,
1923,1.2353954056611476,densmap,
1924,0.2273431506475081,densmap,
1925,1.602456305973768,densmap,
1926,0.9987538888267063,densmap,
1927,0.6706018984207619,densmap,
1928,1.047663806660567,densmap,
1929,1.7583861800703826,densmap,
1930,1.1568548483855154,densmap,
1931,0.24202461998189792,densmap,
1932,0.1727711183633633,densmap,
1933,1.0263491994320868,densmap,
1934,0.8359325866730314,densmap,
1935,0.7572621107755082,densmap,
1936,3.0005180333876975,densmap,
1937,1.1929018221446204,densmap,
1938,1.737094183719965,densmap,
1939,2.930735368197699,densmap,
1940,0.6006970252525269,densmap,
1941,17.12845742300534,densmap,
1942,1.262695533841372,densmap,
1943,1.1347694502945203,densmap,
1944,1.081981912838132,densmap,
1945,1.0259508887636286,densmap,
1946,1.136466405637574,densmap,
1947,0.17240275234225944,densmap,
1948,0.5698195415577343,densmap,
1949,2.6758716179668354,densmap,
1950,0.5324501071646857,densmap,
1951,1.7138983155182912,densmap,
1952,1.499872216592248,densmap,
1953,0.5025163115382922,densmap,
1954,0.3021183352176808,densmap,
1955,1.1438848517362947,densmap,
1956,0.4441907437673838,densmap,
1957,1.446101574190606,densmap,
1958,1.7288164919381857,densmap,
1959,1.3554885686727787,densmap,
1960,1.3512333603330193,densmap,
1961,17.609293807831442,densmap,
1962,0.5053191356301472,densmap,
1963,3.1534476798500166,densmap,
1964,0.30950958775997184,densmap,
1965,1.5527978024950413,densmap,
1966,6.6629594513567385,densmap,
1967,0.9071732080248731,densmap,
1968,1.9852690982207648,densmap,
1969,2.4038457394870276,densmap,
1970,0.9647721381569513,densmap,
1971,0.9473860783657474,densmap,
1972,1.1367226314885106,densmap,
1973,1.4730656680131804,densmap,
1974,0.5844313530189319,densmap,
1975,0.47287652990368684,densmap,
1976,2.9698611343434256,densmap,
1977,0.7668735426608536,densmap,
1978,0.8770441313566779,densmap,
1979,1.166117527789508,densmap,
1980,2.0185386720556706,densmap,
1981,1.9446289175958666,densmap,
1982,0.48113128914874276,densmap,
1983,0.39630888110092377,densmap,
1984,1.3942715395931595,densmap,
1985,1.0656582411265556,densmap,
1986,2.2768408688982804,densmap,
1987,1.3258378637130936,densmap,
1988,0.9835358782280339,densmap,
1989,1.0862054687623748,densmap,
1990,1.5394699393733637,densmap,
1991,0.6658011923591354,densmap,
1992,1.0001627740865675,densmap,
1993,1.2579647845960156,densmap,
1994,1.225402261602094,densmap,
1995,1.611179794307853,densmap,
1996,0.8063796262170403,densmap,
1997,1.1820053361113292,densmap,
1998,1.173773776680215,densmap,
1999,1.8543281326040781,densmap,
2000,0.6795578980710039,densmap,
2001,1.101523368732636,densmap,
2002,0.51524818988727,densmap,
2003,0.42352933648885815,densmap,
2004,0.7496915169981214,densmap,
2005,0.7015470274746004,densmap,
2006,0.9531308665859541,densmap,
2007,0.4480672388160536,densmap,
2008,2.0755191880207975,densmap,
2009,0.5261851373371802,densmap,
2010,2.0564937793832763,densmap,
2011,1.9033993540058087,densmap,
2012,1.7398242945171027,densmap,
2013,1.317881071794958,densmap,
2014,0.8404498626152493,densmap,
2015,0.7060203995343952,densmap,
2016,1.868720629401309,densmap,
2017,2.114757452381354,densmap,
2018,1.846463499969005,densmap,
2019,1.2377784064615298,densmap,
2020,1.4137177976297548,densmap,
2021,2.947616899992684,densmap,
2022,2.448713506526847,densmap,
2023,1.163112189141318,densmap,
2024,1.074906938975275,densmap,
2025,1.406261886027311,densmap,
2026,1.801229981601413,densmap,
2027,0.520074430376411,densmap,
2028,0.7480703862896121,densmap,
2029,1.5858500557927542,densmap,
2030,1.8839736553245303,densmap,
2031,1.1202442047558785,densmap,
2032,1.77531329609346,densmap,
2033,0.2082468420120732,densmap,
2034,0.5014622160137476,densmap,
2035,1.214685010273263,densmap,
2036,0.29484267871625763,densmap,
2037,0.4508260637403185,densmap,
2038,2.576757088387797,densmap,
2039,3.107749478369488,densmap,
2040,2.74959031454426,densmap,
2041,1.8661535394105224,densmap,
2042,2.3287776107186944,densmap,
2043,0.7292173271282117,densmap,
2044,0.10003739624947619,densmap,
2045,2.599771007681601,densmap,
2046,0.25109930498813476,densmap,
2047,0.7365779730114049,densmap,
2048,0.9905245237536568,densmap,
2049,0.3407533855653801,densmap,
2050,0.2612896999469308,densmap,
2051,1.311882855421007,densmap,
2052,0.6328576386431486,densmap,
2053,0.3386809778244193,densmap,
2054,1.1852960371122316,densmap,
2055,0.7747605487199954,densmap,
2056,0.7468854242339211,densmap,
2057,0.8340544028033915,densmap,
2058,2.00617611181911,densmap,
2059,2.082461270097671,densmap,
2060,1.617023541034339,densmap,
2061,1.772254021041315,densmap,
2062,1.7820404658627864,densmap,
2063,0.24484919565062202,densmap,
2064,1.3667018946210039,densmap,
2065,0.6973018402389275,densmap,
2066,0.4036226037929832,densmap,
2067,1.9487718367506588,densmap,
2068,0.6132998033408243,densmap,
2069,2.894830036528973,densmap,
2070,1.0325800369699631,densmap,
2071,0.43794156056404154,densmap,
2072,0.8499025745410154,densmap,
2073,0.5774614655201217,densmap,
2074,1.698529782452309,densmap,
2075,1.6851151192904583,densmap,
2076,1.155551058873533,densmap,
2077,0.6957756414058629,densmap,
2078,0.740275656704684,densmap,
2079,1.7820371125749348,densmap,
2080,0.5072103373000224,densmap,
2081,1.2304396052564877,densmap,
2082,0.33130539064616626,densmap,
2083,0.6734444150155012,densmap,
2084,1.1662163419471558,densmap,
2085,0.9888797771369802,densmap,
2086,2.1583877319638756,densmap,
2087,0.3526412236217764,densmap,
2088,1.1084770555639059,densmap,
2089,1.3235904161796106,densmap,
2090,1.614549520454927,densmap,
2091,2.329876598881832,densmap,
2092,0.5858167347163943,densmap,
2093,1.8235214038931096,densmap,
2094,0.10141150342430989,densmap,
2095,1.671723878969649,densmap,
2096,1.175071576596206,densmap,
2097,1.5817806502317897,densmap,
2098,1.1110834310044773,densmap,
2099,2.3603818901531115,densmap,
2100,1.1413997776294704,densmap,
2101,1.523182539635786,densmap,
2102,2.496811736684571,densmap,
2103,2.025166454174153,densmap,
2104,2.0392230587060634,densmap,
2105,0.07693199333923066,densmap,
2106,0.9870411851379167,densmap,
2107,0.6631480086690479,densmap,
2108,0.14657693206693834,densmap,
2109,1.1438554041417408,densmap,
2110,3.056597767257656,densmap,
2111,1.7549628975317604,densmap,
2112,2.4957739387373703,densmap,
2113,1.2141586888980744,densmap,
2114,1.8194482855592655,densmap,
2115,1.9538487732843899,densmap,
2116,1.2875479043082056,densmap,
2117,1.0335207050179478,densmap,
2118,0.21810188987259602,densmap,
2119,1.4481655299317395,densmap,
2120,0.9830224247437725,densmap,
2121,0.7733983463841494,densmap,
2122,0.1965695767466952,densmap,
2123,0.8857839331140306,densmap,
2124,1.5197867073263651,densmap,
2125,2.008435060389238,densmap,
2126,1.5081981398068374,densmap,
2127,0.6534746013892,densmap,
2128,0.576487717706004,densmap,
2129,1.558539313407122,densmap,
2130,0.8395403081527268,densmap,
2131,1.4882036167921466,densmap,
2132,0.9216933827257584,densmap,
2133,1.3664735305955684,densmap,
2134,1.6965488841069511,densmap,
2135,0.5454529619930132,densmap,
2136,0.9339142528965069,densmap,
2137,2.9517728219307844,densmap,
2138,0.5298798598744713,densmap,
2139,1.215878323334113,densmap,
2140,0.7417629647200191,densmap,
2141,1.6218235786680317,densmap,
2142,2.9175930509439922,densmap,
2143,0.24975374780901755,densmap,
2144,0.6596989748768378,densmap,
2145,1.6759494119080336,densmap,
2146,0.7058356706261159,densmap,
2147,1.3263906568568122,densmap,
2148,0.4185876281534781,densmap,
2149,1.6669973300660919,densmap,
2150,0.36515757176116664,densmap,
2151,1.202643784155268,densmap,
2152,1.927262987187238,densmap,
2153,0.10995873714327843,densmap,
2154,2.4020054327333527,densmap,
2155,2.0290299493606487,densmap,
2156,1.788389349359401,densmap,
2157,1.6236062870624757,densmap,
2158,0.7397377378771729,densmap,
2159,1.7049405855036024,densmap,
2160,0.7829757441118526,densmap,
2161,1.1654898123064885,densmap,
2162,1.959372512717824,densmap,
2163,1.145911633939495,densmap,
2164,1.047287344538174,densmap,
2165,0.3525468639385879,densmap,
2166,1.6171609363777881,densmap,
2167,1.6944882860741155,densmap,
2168,2.0678224616224585,densmap,
2169,0.8366297360395175,densmap,
2170,1.5675405340869353,densmap,
2171,1.249881274094905,densmap,
2172,2.185083994018955,densmap,
2173,1.2580116842527334,densmap,
2174,2.646955003613747,densmap,
2175,1.8511567385395746,densmap,
2176,0.5340343088991036,densmap,
2177,0.9064186546028808,densmap,
2178,0.1522348244616748,densmap,
2179,1.1949942172655823,densmap,
2180,2.0674564620478924,densmap,
2181,2.549959912607026,densmap,
2182,1.0112467583187685,densmap,
2183,0.45533540482285473,densmap,
2184,0.6125735025703635,densmap,
2185,0.5820692524946703,densmap,
2186,0.4019043497095007,densmap,
2187,1.6077422880682033,densmap,
2188,0.8640942643696237,densmap,
2189,1.1280119507628878,densmap,
2190,0.4710078074248655,densmap,
2191,1.0455311122109472,densmap,
2192,0.7653433461106882,densmap,
2193,0.21546654032853788,densmap,
2194,1.0858981966153376,densmap,
2195,0.418215202486133,densmap,
2196,3.2109345266300413,densmap,
2197,0.18881529974038505,densmap,
2198,0.7852758768450451,densmap,
2199,1.1850429261138162,densmap,
2200,2.096476801231992,densmap,
2201,0.7787563477614206,densmap,
2202,0.4009825972733704,densmap,
2203,1.0634830860733133,densmap,
2204,0.919621235427464,densmap,
2205,0.9040391012556387,densmap,
2206,3.1702386624453327,densmap,
2207,0.45363900511530797,densmap,
2208,1.4124010941438125,densmap,
2209,1.379508543701593,densmap,
2210,1.536849679387511,densmap,
2211,0.8700078979100148,densmap,
2212,1.1333969907019668,densmap,
2213,0.28276274107801325,densmap,
2214,2.2612615084390226,densmap,
2215,2.3644511334006717,densmap,
2216,0.5317783722744589,densmap,
2217,0.5495013598393873,densmap,
2218,0.2532107187097691,densmap,
2219,0.8408650049862942,densmap,
2220,1.6661050546777376,densmap,
2221,0.6979853286866672,densmap,
2222,0.26522600388745365,densmap,
2223,1.3806683499700387,densmap,
2224,1.264140499626369,densmap,
2225,0.4151814665384622,densmap,
2226,0.9878652846938121,densmap,
2227,0.6751727178218293,densmap,
2228,0.7876922199657503,densmap,
2229,0.06815798393905459,densmap,
2230,3.6417690978874395,densmap,
2231,0.8292125079167266,densmap,
2232,2.1594547025350765,densmap,
2233,0.9743654424182454,densmap,
2234,1.5720114713829554,densmap,
2235,0.23405307267556635,densmap,
2236,0.6275180695304834,densmap,
2237,0.3112951264351578,densmap,
2238,1.2811882873770337,densmap,
2239,0.676613852597148,densmap,
2240,0.39349171098295727,densmap,
2241,1.6025188910167707,densmap,
2242,0.967578009584085,densmap,
2243,0.6383344654205706,densmap,
2244,1.8977585224788438,densmap,
2245,0.8518506924192133,densmap,
2246,0.6385443832054899,densmap,
2247,0.11546034388499822,densmap,
2248,1.2133657126962225,densmap,
2249,0.38896503316628295,densmap,
2250,0.7904513792802915,densmap,
2251,1.4078559620007194,densmap,
2252,1.767272596017138,densmap,
2253,1.831549883121947,densmap,
2254,1.5620127652963465,densmap,
2255,1.5537590017322034,densmap,
2256,2.0230221796504964,densmap,
2257,0.9085936536968977,densmap,
2258,0.12189357824233946,densmap,
2259,0.4070986062242204,densmap,
2260,7.695978406514993,densmap,
2261,2.3783940674579847,densmap,
2262,1.0876975139284049,densmap,
2263,1.201869432376642,densmap,
2264,1.326652713978862,densmap,
2265,2.1233379846095994,densmap,
2266,2.951099355342795,densmap,
2267,2.318762539709143,densmap,
2268,1.884193996394675,densmap,
2269,1.4054091484872455,densmap,
2270,1.5186530466393238,densmap,
2271,1.8233297409723606,densmap,
2272,0.16343283595292835,densmap,
2273,1.4544473807442604,densmap,
2274,1.1315078712919326,densmap,
2275,1.449322626247965,densmap,
2276,0.331810018298652,densmap,
2277,1.5752994516655845,densmap,
2278,0.38937515011469154,densmap,
2279,1.809542186506533,densmap,
2280,1.32597084487321,densmap,
2281,2.472526534110168,densmap,
2282,1.1945641284050117,densmap,
2283,2.09740843875844,densmap,
2284,1.076711331512009,densmap,
2285,0.8270394347916615,densmap,
2286,0.7065753825568457,densmap,
2287,1.2129927880918363,densmap,
2288,1.900580008713975,densmap,
2289,0.5299749323063208,densmap,
2290,1.1026334559985513,densmap,
2291,1.256371485563212,densmap,
2292,1.3856971537584848,densmap,
2293,0.5973099278511999,densmap,
2294,1.188477061416187,densmap,
2295,1.0054362686869336,densmap,
2296,2.2963315333388548,densmap,
2297,1.9140039980463743,densmap,
2298,2.126135349210055,densmap,
2299,1.4294047411678805,densmap,
2300,0.6065861197605396,densmap,
2301,1.1962123909729134,densmap,
2302,3.615741842582625,densmap,
2303,1.5246053559547499,densmap,
2304,0.5080839079356824,densmap,
2305,1.3790688156191322,densmap,
2306,1.9164275926977263,densmap,
2307,0.31793089820275117,densmap,
2308,1.3237817707021864,densmap,
2309,1.9808830461950737,densmap,
2310,0.1298190935552239,densmap,
2311,1.310152516402011,densmap,
2312,1.389121478389397,densmap,
2313,0.3341316960201697,densmap,
2314,0.22361060438997565,densmap,
2315,1.5702500718310377,densmap,
2316,1.667255197499142,densmap,
2317,1.818870983176968,densmap,
2318,1.5590637242365428,densmap,
2319,0.41483885414149063,densmap,
2320,2.478921256939924,densmap,
2321,0.1317695398206251,densmap,
2322,1.9598699419857482,densmap,
2323,1.7523357689583838,densmap,
2324,1.4466360015800683,densmap,
2325,0.7357535269911328,densmap,
2326,0.28646789238052645,densmap,
2327,1.632342051137956,densmap,
2328,3.3688330290736883,densmap,
2329,1.862160030359703,densmap,
2330,0.7717200655232545,densmap,
2331,0.25559523463774997,densmap,
2332,2.261192085076091,densmap,
2333,0.8623535670360598,densmap,
2334,1.268315792931904,densmap,
2335,0.584717192782971,densmap,
2336,1.8587356968026962,densmap,
2337,0.702481442195712,densmap,
2338,1.855074225787071,densmap,
2339,2.695685222904261,densmap,
2340,0.9043354388539498,densmap,
2341,1.407043712580919,densmap,
2342,1.8057864182085848,densmap,
2343,1.3551011596937887,densmap,
2344,1.0328604587855257,densmap,
2345,0.7493515199512433,densmap,
2346,2.693045347213072,densmap,
2347,1.6989527020069892,densmap,
2348,1.99274439150679,densmap,
2349,1.2361189019778536,densmap,
2350,1.6543565063563466,densmap,
2351,2.561601196654745,densmap,
2352,0.694296027772488,densmap,
2353,0.53090087981808,densmap,
2354,1.2540479012384467,densmap,
2355,0.6955012794621442,densmap,
2356,2.736955305881698,densmap,
2357,1.7536289896173172,densmap,
2358,2.101362317391418,densmap,
2359,0.7353096926633307,densmap,
2360,0.8378548091013098,densmap,
2361,3.1749791053690175,densmap,
2362,1.5904036209654189,densmap,
2363,0.8579044795417383,densmap,
2364,0.6665806256499937,densmap,
2365,0.38889503846438217,densmap,
2366,0.7062126033053551,densmap,
2367,0.7598750249657703,densmap,
2368,2.0432757965345516,densmap,
2369,0.25811225735336657,densmap,
2370,0.513368445430352,densmap,
2371,0.609849215965137,densmap,
2372,1.205168385997402,densmap,
2373,2.2320922274643547,densmap,
2374,1.5300946510592335,densmap,
2375,0.21703523580696665,densmap,
2376,0.512509642149224,densmap,
2377,1.3325750013576525,densmap,
2378,2.4352705400965347,densmap,
2379,3.4181273974986466,densmap,
2380,0.902757400441602,densmap,
2381,0.7309375871533109,densmap,
2382,0.43247284712307615,densmap,
2383,2.226781703649217,densmap,
2384,2.587180112209623,densmap,
2385,2.2737952695963,densmap,
2386,1.0433028053038922,densmap,
2387,2.5226085115114483,densmap,
2388,0.7620281005376656,densmap,
2389,1.346567604811944,densmap,
2390,1.1644120863401848,densmap,
2391,0.6508913181166172,densmap,
2392,1.0662744393136194,densmap,
2393,2.5311040914509064,densmap,
2394,3.886478310418514,densmap,
2395,0.8184373966399349,densmap,
2396,0.7593678540710092,densmap,
2397,0.27508754918679695,densmap,
2398,1.4661777609170965,densmap,
2399,0.3327831841854229,densmap,
2400,2.399132033684638,densmap,
2401,1.4203426883802965,densmap,
2402,1.175300412387624,densmap,
2403,0.9987808031429578,densmap,
2404,2.1773297030577283,densmap,
2405,2.207424840034804,densmap,
2406,1.8503761263780945,densmap,
2407,0.2955121796671105,densmap,
2408,1.0686867898526409,densmap,
2409,0.213410567695943,densmap,
2410,1.1624133072768932,densmap,
2411,2.0193411257226903,densmap,
2412,1.2008343529137748,densmap,
2413,1.2690633996538048,densmap,
2414,1.8631753337576584,densmap,
2415,0.8601246821508107,densmap,
2416,0.5654417392061937,densmap,
2417,1.3297215705269994,densmap,
2418,1.0737653495902935,densmap,
2419,1.633318703760713,densmap,
2420,1.487965423568134,densmap,
2421,1.2000046064105854,densmap,
2422,1.3935197385494187,densmap,
2423,2.312721164477161,densmap,
2424,0.6987831784425186,densmap,
2425,2.228588301947401,densmap,
2426,2.326286702869346,densmap,
2427,1.1525715865448776,densmap,
2428,1.264284530526624,densmap,
2429,1.0347402246446915,densmap,
2430,0.5894335744955883,densmap,
2431,0.8841304341165032,densmap,
2432,0.5474123011582192,densmap,
2433,2.1245915712633923,densmap,
2434,1.9303814017948473,densmap,
2435,1.3418655772447865,densmap,
2436,1.9845515113832863,densmap,
2437,1.5737395836705281,densmap,
2438,1.1774413368351324,densmap,
2439,1.036606259989589,densmap,
2440,2.098791204319999,densmap,
2441,1.410671484962522,densmap,
2442,2.2289474035723256,densmap,
2443,0.3945194403513212,densmap,
2444,1.5491588040312385,densmap,
2445,0.8820028647572536,densmap,
2446,0.9970257327419881,densmap,
2447,0.13181691611968666,densmap,
2448,1.0168377998372709,densmap,
2449,0.8620343564004859,densmap,
2450,1.5990348645543015,densmap,
2451,3.08360715310586,densmap,
2452,1.5796378034015437,densmap,
2453,0.8203885931567959,densmap,
2454,2.512434189466058,densmap,
2455,3.8658839917661094,densmap,
2456,1.5825002763114893,densmap,
2457,0.9180061814432579,densmap,
2458,1.9328420318593336,densmap,
2459,0.5461341812975901,densmap,
2460,1.2339375958064522,densmap,
2461,1.6284089447634105,densmap,
2462,0.5650015143381831,densmap,
2463,0.539904422080581,densmap,
2464,0.9817236296367943,densmap,
2465,1.5508227516599171,densmap,
2466,2.515422589389614,densmap,
2467,2.951199385607931,densmap,
2468,1.4579648530183136,densmap,
2469,2.726532091766221,densmap,
2470,1.27971208284343,densmap,
2471,0.8502974374666215,densmap,
2472,1.8265639761858719,densmap,
2473,0.5332793837033938,densmap,
2474,0.6317828889107503,densmap,
2475,3.4581218951386377,densmap,
2476,0.694608916542234,densmap,
2477,1.5123686786648445,densmap,
2478,0.5423213565229246,densmap,
2479,4.735895519852229,densmap,
2480,0.43090301682199794,densmap,
2481,2.458255058065089,densmap,
2482,1.6882676687679017,densmap,
2483,1.4017213121386878,densmap,
2484,1.292170401523733,densmap,
2485,1.6351053670690696,densmap,
2486,1.2053735940852044,densmap,
2487,1.8517438272389168,densmap,
2488,2.4436743842531063,densmap,
2489,0.7575100575857195,densmap,
2490,1.2709770833894205,densmap,
2491,1.9427542522541474,densmap,
2492,2.278638430438087,densmap,
2493,0.7064543717970471,densmap,
2494,1.4383333797498203,densmap,
2495,1.9004022031368706,densmap,
2496,2.1399903284294726,densmap,
2497,1.7906785701050525,densmap,
2498,0.7520786475849396,densmap,
2499,0.8337267740528118,densmap,
